Time,Temp_F,DewPoint_F,Humidity,Wind,WindSpeed_mph,WindGust_mph,Pressure_in,Precip_in,Condition
12:00 AM,75,73,94,NNE,7,0,29.78,0.0,Mostly Cloudy
12:30 AM,75,75,100,NNE,5,0,29.78,0.0,Mostly Cloudy
1:00 AM,75,73,94,NNW,3,0,29.78,0.0,Mostly Cloudy
1:30 AM,75,75,100,NNW,3,0,29.78,0.0,Mostly Cloudy
2:00 AM,75,75,100,VAR,2,0,29.78,0.0,Mostly Cloudy
2:30 AM,75,75,100,N,3,0,29.75,0.0,Mostly Cloudy
3:00 AM,77,75,94,VAR,2,0,29.75,0.0,Mostly Cloudy
3:30 AM,77,75,94,VAR,2,0,29.75,0.0,Mostly Cloudy
4:00 AM,77,75,94,NNW,3,0,29.75,0.0,Mostly Cloudy
4:30 AM,77,75,94,VAR,2,0,29.75,0.0,Mostly Cloudy
5:00 AM,77,75,94,VAR,2,0,29.75,0.0,Partly Cloudy
5:30 AM,77,75,94,VAR,1,0,29.75,0.0,Partly Cloudy
6:00 AM,77,75,94,VAR,1,0,29.75,0.0,Partly Cloudy
6:30 AM,75,75,100,W,1,0,29.75,0.0,Mostly Cloudy
7:00 AM,75,75,100,WNW,1,0,29.75,0.0,Mostly Cloudy
7:30 AM,75,75,100,W,2,0,29.75,0.0,Mostly Cloudy
8:00 AM,77,77,100,VAR,1,0,29.78,0.0,Mostly Cloudy
8:30 AM,79,77,94,VAR,2,0,29.81,0.0,Mostly Cloudy
9:00 AM,79,77,94,N,3,0,29.81,0.0,Mostly Cloudy
9:30 AM,79,77,94,N,5,0,29.84,0.0,Mostly Cloudy
10:00 AM,81,77,89,NNE,5,0,29.84,0.0,Mostly Cloudy
10:30 AM,82,77,84,VAR,3,0,29.84,0.0,Mostly Cloudy
11:00 AM,82,77,84,N,6,0,29.84,0.0,Mostly Cloudy
11:30 AM,82,77,84,N,7,0,29.84,0.0,Mostly Cloudy
12:00 PM,84,75,74,VAR,8,0,29.81,0.0,Mostly Cloudy
12:30 PM,86,75,70,VAR,7,0,29.81,0.0,Mostly Cloudy
1:00 PM,88,77,70,VAR,3,0,29.78,0.0,Mostly Cloudy
1:30 PM,86,75,70,VAR,5,0,29.78,0.0,Mostly Cloudy
2:00 PM,86,75,70,VAR,2,0,29.78,0.0,Mostly Cloudy
2:30 PM,88,75,66,N,5,0,29.75,0.0,Mostly Cloudy
3:00 PM,88,77,70,NNE,5,0,29.75,0.0,Mostly Cloudy
3:30 PM,88,75,66,ENE,5,0,29.72,0.0,Mostly Cloudy
4:00 PM,88,75,66,NE,7,0,29.72,0.0,Mostly Cloudy
4:30 PM,88,77,70,NE,8,0,29.72,0.0,Mostly Cloudy
5:00 PM,84,77,79,NE,10,0,29.72,0.0,Mostly Cloudy
5:30 PM,84,75,74,NNE,8,0,29.72,0.0,Mostly Cloudy
6:00 PM,84,75,74,NNE,7,0,29.72,0.0,Mostly Cloudy
6:30 PM,84,75,74,NNE,8,0,29.72,0.0,Mostly Cloudy
7:00 PM,82,75,79,NNE,9,0,29.72,0.0,Mostly Cloudy
7:30 PM,82,75,79,NNE,7,0,29.75,0.0,Mostly Cloudy
8:00 PM,81,75,84,NNE,7,0,29.75,0.0,Mostly Cloudy
8:30 PM,81,75,84,N,6,0,29.78,0.0,Mostly Cloudy
9:00 PM,81,75,84,N,5,0,29.78,0.0,Mostly Cloudy
9:30 PM,79,75,89,VAR,6,0,29.81,0.0,Mostly Cloudy
10:00 PM,79,75,89,N,3,0,29.81,0.0,Mostly Cloudy
10:30 PM,79,75,89,VAR,2,0,29.81,0.0,Mostly Cloudy
11:00 PM,79,75,89,VAR,2,0,29.81,0.0,Mostly Cloudy
11:30 PM,79,75,89,VAR,2,0,29.81,0.0,Mostly Cloudy
12:00 AM,79,75,89,NNW,3,0,29.81,0.0,Mostly Cloudy
12:30 AM,79,75,89,NNW,3,0,29.81,0.0,Mostly Cloudy
1:00 AM,79,75,89,NNW,3,0,29.81,0.0,Mostly Cloudy
1:30 AM,79,75,89,NW,3,0,29.81,0.0,Partly Cloudy
2:00 AM,79,75,89,NNW,3,0,29.81,0.0,Mostly Cloudy
2:30 AM,79,75,89,NW,3,0,29.78,0.0,Mostly Cloudy
3:00 AM,79,75,89,NW,3,0,29.78,0.0,Mostly Cloudy
3:30 AM,79,75,89,W,3,0,29.78,0.0,Mostly Cloudy
4:00 AM,79,75,89,NW,3,0,29.78,0.0,Mostly Cloudy
4:30 AM,79,75,89,W,5,0,29.78,0.0,Mostly Cloudy
5:00 AM,79,75,89,W,5,0,29.78,0.0,Mostly Cloudy
5:30 AM,79,75,89,W,6,0,29.78,0.0,Mostly Cloudy
6:00 AM,75,75,100,VAR,7,0,29.78,0.0,Mostly Cloudy
6:30 AM,75,73,94,W,7,0,29.78,0.0,Partly Cloudy
7:00 AM,75,73,94,VAR,7,0,29.78,0.0,Partly Cloudy
7:30 AM,75,73,94,N,6,0,29.81,0.0,Partly Cloudy
8:00 AM,73,73,100,NNE,6,0,29.84,0.0,Mostly Cloudy
8:30 AM,75,73,94,N,3,0,29.84,0.0,Mostly Cloudy
9:00 AM,75,75,100,VAR,2,0,29.84,0.0,Mostly Cloudy
9:30 AM,77,75,94,VAR,2,0,29.84,0.0,Mostly Cloudy
10:00 AM,81,75,84,VAR,2,0,29.84,0.0,Mostly Cloudy
10:30 AM,81,75,84,NNW,6,0,29.84,0.0,Mostly Cloudy
11:00 AM,82,75,79,VAR,3,0,29.84,0.0,Mostly Cloudy
11:30 AM,82,75,79,VAR,2,0,29.84,0.0,Mostly Cloudy
12:00 PM,84,77,79,VAR,2,0,29.84,0.0,Mostly Cloudy
12:30 PM,84,77,79,VAR,3,0,29.81,0.0,Mostly Cloudy
1:00 PM,86,77,74,VAR,3,0,29.81,0.0,Mostly Cloudy
1:30 PM,86,77,74,ENE,5,0,29.78,0.0,Mostly Cloudy
2:00 PM,86,79,79,ESE,7,0,29.78,0.0,Mostly Cloudy
2:30 PM,86,77,74,ESE,7,0,29.78,0.0,Mostly Cloudy
3:00 PM,86,77,74,ESE,7,0,29.75,0.0,Mostly Cloudy
3:30 PM,86,77,74,ESE,5,0,29.75,0.0,Mostly Cloudy
4:00 PM,86,77,74,VAR,7,0,29.75,0.0,Mostly Cloudy
4:30 PM,86,77,74,SE,6,0,29.72,0.0,Mostly Cloudy
5:00 PM,86,77,74,SSE,7,0,29.75,0.0,Mostly Cloudy
5:30 PM,86,77,74,SSE,7,0,29.75,0.0,Mostly Cloudy
6:00 PM,84,77,79,SSE,7,0,29.75,0.0,Mostly Cloudy
6:30 PM,84,77,79,VAR,2,0,29.75,0.0,Mostly Cloudy
7:00 PM,84,77,79,NE,8,0,29.78,0.0,Mostly Cloudy
7:30 PM,84,77,79,N,5,0,29.81,0.0,Mostly Cloudy
8:00 PM,81,75,84,W,5,0,29.81,0.0,Partly Cloudy
8:30 PM,81,75,84,VAR,2,0,29.81,0.0,Mostly Cloudy
9:00 PM,81,75,84,VAR,1,0,29.81,0.0,Mostly Cloudy
9:30 PM,79,77,94,WNW,3,0,29.84,0.0,Mostly Cloudy
10:00 PM,79,75,89,VAR,2,0,29.84,0.0,Mostly Cloudy
10:30 PM,79,77,94,VAR,2,0,29.84,0.0,Mostly Cloudy
11:00 PM,79,77,94,VAR,1,0,29.84,0.0,Mostly Cloudy
11:30 PM,79,77,94,VAR,2,0,29.84,0.0,Mostly Cloudy
12:00 AM,79,77,94,VAR,2,0,29.84,0.0,Mostly Cloudy
12:30 AM,79,75,89,VAR,2,0,29.84,0.0,Mostly Cloudy
1:00 AM,79,77,94,N,3,0,29.84,0.0,Mostly Cloudy
1:30 AM,79,77,94,VAR,1,0,29.84,0.0,Mostly Cloudy
2:00 AM,79,77,94,VAR,1,0,29.81,0.0,Mostly Cloudy
2:30 AM,79,75,89,VAR,1,0,29.81,0.0,Mostly Cloudy
3:00 AM,79,75,89,VAR,2,0,29.78,0.0,Mostly Cloudy
3:30 AM,79,75,89,VAR,2,0,29.78,0.0,Mostly Cloudy
4:00 AM,77,75,94,VAR,1,0,29.78,0.0,Mostly Cloudy
4:30 AM,77,75,94,VAR,1,0,29.78,0.0,Mostly Cloudy
5:00 AM,77,75,94,VAR,2,0,29.78,0.0,Mostly Cloudy
5:30 AM,77,75,94,VAR,1,0,29.78,0.0,Mostly Cloudy
6:00 AM,77,77,100,VAR,2,0,29.78,0.0,Mostly Cloudy
6:30 AM,77,77,100,N,3,0,29.81,0.0,Mostly Cloudy
7:00 AM,77,77,100,N,3,0,29.81,0.0,Mostly Cloudy
7:30 AM,77,77,100,N,3,0,29.81,0.0,Mostly Cloudy
8:00 AM,79,77,94,N,5,0,29.81,0.0,Mostly Cloudy
8:30 AM,79,77,94,NNW,3,0,29.84,0.0,Mostly Cloudy
9:00 AM,81,77,89,NNW,5,0,29.84,0.0,Mostly Cloudy
9:30 AM,82,77,84,NNW,5,0,29.87,0.0,Mostly Cloudy
10:00 AM,82,77,84,VAR,5,0,29.87,0.0,Partly Cloudy
10:30 AM,82,75,79,N,6,0,29.87,0.0,Partly Cloudy
11:00 AM,84,75,74,N,7,0,29.87,0.0,Partly Cloudy
11:30 AM,86,77,74,VAR,5,0,29.87,0.0,Mostly Cloudy
12:00 PM,86,77,74,VAR,5,0,29.84,0.0,Mostly Cloudy
12:30 PM,86,77,74,NNE,6,0,29.84,0.0,Mostly Cloudy
1:00 PM,88,75,66,NNE,5,0,29.81,0.0,Mostly Cloudy
1:30 PM,88,77,70,NE,7,0,29.81,0.0,Mostly Cloudy
2:00 PM,88,75,66,N,6,0,29.78,0.0,Mostly Cloudy
2:30 PM,88,77,70,NE,10,0,29.78,0.0,Mostly Cloudy
3:00 PM,88,75,66,N,7,0,29.75,0.0,Mostly Cloudy
3:30 PM,82,75,79,NNW,7,0,29.75,0.0,Partly Cloudy
4:00 PM,75,75,100,VAR,1,0,29.78,0.0,Partly Cloudy
4:30 PM,77,77,100,NE,5,0,29.75,0.0,Mostly Cloudy
5:00 PM,79,77,94,ENE,6,0,29.75,0.0,Mostly Cloudy
5:30 PM,81,77,89,NNE,7,0,29.75,0.0,Mostly Cloudy
6:00 PM,81,77,89,NE,3,0,29.75,0.0,Partly Cloudy
6:30 PM,81,79,94,NE,3,0,29.78,0.0,Mostly Cloudy
7:00 PM,81,79,94,VAR,2,0,29.78,0.0,Partly Cloudy
7:30 PM,81,79,94,NNE,3,0,29.78,0.0,Partly Cloudy
8:00 PM,81,77,89,N,5,0,29.78,0.0,Mostly Cloudy
8:30 PM,81,77,89,NNE,5,0,29.81,0.0,Mostly Cloudy
9:00 PM,79,77,94,N,5,0,29.81,0.0,Mostly Cloudy
9:30 PM,79,77,94,VAR,5,0,29.81,0.0,Mostly Cloudy
10:00 PM,79,75,89,N,5,0,29.84,0.0,Mostly Cloudy
10:30 PM,79,75,89,N,3,0,29.84,0.0,Mostly Cloudy
11:00 PM,79,75,89,VAR,3,0,29.84,0.0,Mostly Cloudy
11:30 PM,79,75,89,N,5,0,29.84,0.0,Mostly Cloudy
12:00 AM,79,75,89,N,3,0,29.84,0.0,Mostly Cloudy
12:30 AM,79,75,89,N,3,0,29.84,0.0,Mostly Cloudy
1:00 AM,77,75,94,VAR,3,0,29.84,0.0,Mostly Cloudy
1:30 AM,77,75,94,NNW,3,0,29.81,0.0,Mostly Cloudy
2:00 AM,77,75,94,VAR,3,0,29.81,0.0,Mostly Cloudy
2:30 AM,77,75,94,N,5,0,29.81,0.0,Mostly Cloudy
3:00 AM,79,75,89,N,5,0,29.78,0.0,Mostly Cloudy
3:30 AM,77,75,94,N,5,0,29.78,0.0,Mostly Cloudy
4:00 AM,77,75,94,VAR,3,0,29.78,0.0,Mostly Cloudy
4:30 AM,77,75,94,N,5,0,29.75,0.0,Mostly Cloudy
5:00 AM,77,75,94,N,6,0,29.78,0.0,Mostly Cloudy
5:30 AM,77,75,94,N,5,0,29.78,0.0,Mostly Cloudy
6:00 AM,77,75,94,N,5,0,29.78,0.0,Mostly Cloudy
6:30 AM,77,75,94,VAR,3,0,29.78,0.0,Mostly Cloudy
7:00 AM,77,75,94,N,5,0,29.78,0.0,Mostly Cloudy
7:30 AM,77,75,94,VAR,5,0,29.78,0.0,Mostly Cloudy
8:00 AM,79,75,89,N,5,0,29.81,0.0,Mostly Cloudy
8:30 AM,79,75,89,VAR,3,0,29.81,0.0,Mostly Cloudy
9:00 AM,81,75,84,N,5,0,29.84,0.0,Mostly Cloudy
9:30 AM,81,75,84,NNE,6,0,29.84,0.0,Mostly Cloudy
10:00 AM,81,77,89,N,6,0,29.84,0.0,Mostly Cloudy
10:30 AM,82,77,84,NNE,7,0,29.84,0.0,Mostly Cloudy
11:00 AM,84,77,79,NNE,8,0,29.81,0.0,Mostly Cloudy
11:30 AM,84,77,79,NNE,9,0,29.81,0.0,Mostly Cloudy
12:00 PM,84,77,79,NNE,8,0,29.81,0.0,Mostly Cloudy
12:30 PM,86,77,74,NE,10,0,29.78,0.0,Mostly Cloudy
1:00 PM,84,77,79,N,6,0,29.78,0.0,Mostly Cloudy
1:30 PM,86,77,74,N,5,0,29.78,0.0,Mostly Cloudy
2:00 PM,86,75,70,NNE,6,0,29.75,0.0,Mostly Cloudy
2:30 PM,86,75,70,NNE,8,0,29.72,0.0,Partly Cloudy
3:00 PM,86,75,70,NE,9,0,29.72,0.0,Mostly Cloudy
3:30 PM,86,75,70,NNE,9,0,29.72,0.0,Mostly Cloudy
4:00 PM,84,75,74,NNE,9,0,29.72,0.0,Mostly Cloudy
4:30 PM,82,77,84,NNE,6,0,29.69,0.0,Partly Cloudy
5:00 PM,84,75,74,NE,9,0,29.69,0.0,Mostly Cloudy
5:30 PM,84,75,74,NE,9,0,29.69,0.0,Mostly Cloudy
6:00 PM,84,75,74,N,5,0,29.69,0.0,Mostly Cloudy
6:30 PM,82,75,79,VAR,5,0,29.72,0.0,Mostly Cloudy
7:00 PM,82,75,79,NNE,3,0,29.72,0.0,Mostly Cloudy
7:30 PM,82,75,79,N,3,0,29.72,0.0,Mostly Cloudy
8:00 PM,82,75,79,VAR,3,0,29.72,0.0,Mostly Cloudy
8:30 PM,81,77,89,N,3,0,29.75,0.0,Mostly Cloudy
9:00 PM,81,75,84,NNE,3,0,29.75,0.0,Mostly Cloudy
9:30 PM,81,75,84,N,3,0,29.78,0.0,Mostly Cloudy
10:00 PM,81,75,84,N,5,0,29.78,0.0,Mostly Cloudy
10:30 PM,81,75,84,N,5,0,29.78,0.0,Mostly Cloudy
11:00 PM,81,77,89,N,3,0,29.78,0.0,Mostly Cloudy
11:30 PM,81,77,89,VAR,2,0,29.78,0.0,Mostly Cloudy
12:00 AM,81,77,89,VAR,2,0,29.78,0.0,Partly Cloudy
12:30 AM,79,77,94,NNW,3,0,29.78,0.0,Mostly Cloudy
1:00 AM,79,77,94,VAR,2,0,29.78,0.0,Mostly Cloudy
1:30 AM,79,77,94,VAR,2,0,29.78,0.0,Mostly Cloudy
2:00 AM,79,77,94,NNE,3,0,29.75,0.0,Mostly Cloudy
2:30 AM,79,77,94,N,3,0,29.75,0.0,Mostly Cloudy
3:00 AM,79,77,94,N,5,0,29.75,0.0,Partly Cloudy
3:30 AM,79,77,94,N,3,0,29.72,0.0,Mostly Cloudy
4:00 AM,79,77,94,N,5,0,29.72,0.0,Mostly Cloudy
4:30 AM,79,77,94,N,3,0,29.72,0.0,Mostly Cloudy
5:00 AM,79,77,94,N,3,0,29.72,0.0,Mostly Cloudy
5:30 AM,77,75,94,VAR,2,0,29.72,0.0,Mostly Cloudy
6:00 AM,77,75,94,N,3,0,29.72,0.0,Mostly Cloudy
6:30 AM,79,75,89,N,5,0,29.75,0.0,Mostly Cloudy
7:00 AM,77,75,94,NNW,3,0,29.75,0.0,Mostly Cloudy
7:30 AM,77,75,94,VAR,2,0,29.75,0.0,Mostly Cloudy
8:00 AM,79,75,89,N,3,0,29.75,0.0,Mostly Cloudy
8:30 AM,79,75,89,VAR,3,0,29.78,0.0,Mostly Cloudy
9:00 AM,81,75,84,N,6,0,29.81,0.0,Partly Cloudy
9:30 AM,81,75,84,N,6,0,29.81,0.0,Partly Cloudy
10:00 AM,82,75,79,N,7,0,29.81,0.0,Partly Cloudy
10:30 AM,81,75,84,NNE,6,0,29.81,0.0,Mostly Cloudy
11:00 AM,82,75,79,NNE,6,0,29.81,0.0,Mostly Cloudy
11:30 AM,84,75,74,NNE,7,0,29.81,0.0,Mostly Cloudy
12:00 PM,84,77,79,N,8,0,29.81,0.0,Mostly Cloudy
12:30 PM,84,75,74,VAR,8,0,29.81,0.0,Partly Cloudy
1:00 PM,84,75,74,N,8,0,29.78,0.0,Partly Cloudy
1:30 PM,84,75,74,N,7,0,29.78,0.0,Mostly Cloudy
2:00 PM,86,77,74,NNE,6,0,29.75,0.0,Partly Cloudy
2:30 PM,86,75,70,N,6,0,29.72,0.0,Partly Cloudy
3:00 PM,88,77,70,NNW,6,0,29.72,0.0,Partly Cloudy
3:30 PM,88,75,66,NNW,7,0,29.72,0.0,Partly Cloudy
4:00 PM,88,75,66,N,7,0,29.69,0.0,Partly Cloudy
4:30 PM,86,77,74,N,6,0,29.69,0.0,Partly Cloudy
5:00 PM,86,77,74,NE,8,0,29.69,0.0,Mostly Cloudy
5:30 PM,84,77,79,NNE,6,0,29.69,0.0,Mostly Cloudy
6:00 PM,84,77,79,N,5,0,29.72,0.0,Mostly Cloudy
6:30 PM,84,77,79,NNE,5,0,29.72,0.0,Mostly Cloudy
7:00 PM,84,77,79,NNE,3,0,29.72,0.0,Mostly Cloudy
7:30 PM,82,77,84,NNE,3,0,29.75,0.0,Mostly Cloudy
8:00 PM,82,75,79,NE,6,0,29.75,0.0,Mostly Cloudy
8:30 PM,82,73,74,N,5,0,29.75,0.0,Mostly Cloudy
9:00 PM,81,73,79,VAR,6,0,29.75,0.0,Mostly Cloudy
9:30 PM,81,73,79,N,5,0,29.75,0.0,Mostly Cloudy
10:00 PM,81,73,79,VAR,3,0,29.75,0.0,Mostly Cloudy
10:30 PM,79,73,83,VAR,2,0,29.75,0.0,Mostly Cloudy
11:00 PM,79,73,83,VAR,2,0,29.75,0.0,Mostly Cloudy
11:30 PM,79,73,83,VAR,2,0,29.75,0.0,Mostly Cloudy
12:00 AM,79,73,83,VAR,2,0,29.75,0.0,Mostly Cloudy
12:30 AM,79,73,83,VAR,2,0,29.75,0.0,Mostly Cloudy
1:00 AM,79,73,83,VAR,2,0,29.75,0.0,Mostly Cloudy
1:30 AM,77,73,89,VAR,1,0,29.75,0.0,Mostly Cloudy
2:00 AM,79,73,83,VAR,1,0,29.75,0.0,Mostly Cloudy
2:30 AM,79,73,83,N,2,0,29.75,0.0,Mostly Cloudy
3:00 AM,77,73,89,VAR,1,0,29.72,0.0,Mostly Cloudy
3:30 AM,77,73,89,VAR,1,0,29.72,0.0,Mostly Cloudy
4:00 AM,77,73,89,VAR,2,0,29.72,0.0,Mostly Cloudy
4:30 AM,77,75,94,VAR,2,0,29.72,0.0,Mostly Cloudy
5:00 AM,79,75,89,N,3,0,29.72,0.0,Mostly Cloudy
5:30 AM,79,75,89,VAR,3,0,29.72,0.0,Mostly Cloudy
6:00 AM,77,75,94,VAR,2,0,29.72,0.0,Mostly Cloudy
6:30 AM,79,75,89,VAR,2,0,29.75,0.0,Mostly Cloudy
7:00 AM,79,75,89,N,5,0,29.75,0.0,Mostly Cloudy
7:30 AM,77,75,94,VAR,3,0,29.78,0.0,Mostly Cloudy
8:00 AM,79,75,89,VAR,1,0,29.78,0.0,Mostly Cloudy
8:30 AM,81,77,89,N,5,0,29.81,0.0,Mostly Cloudy
9:00 AM,82,77,84,VAR,5,0,29.81,0.0,Mostly Cloudy
9:30 AM,82,77,84,NNE,7,0,29.81,0.0,Mostly Cloudy
10:00 AM,82,77,84,N,7,0,29.81,0.0,Mostly Cloudy
10:30 AM,86,77,74,NNE,7,0,29.81,0.0,Mostly Cloudy
11:00 AM,86,77,74,N,6,0,29.81,0.0,Mostly Cloudy
11:30 AM,86,77,74,N,6,0,29.78,0.0,Mostly Cloudy
12:00 PM,88,77,70,NE,9,0,29.78,0.0,Mostly Cloudy
12:30 PM,86,77,74,NE,9,0,29.78,0.0,Mostly Cloudy
1:00 PM,88,77,70,NE,10,0,29.75,0.0,Mostly Cloudy
1:30 PM,90,77,66,NE,8,0,29.75,0.0,Mostly Cloudy
2:00 PM,91,77,63,N,6,0,29.72,0.0,Mostly Cloudy
2:30 PM,88,75,66,N,6,0,29.72,0.0,Mostly Cloudy
3:00 PM,88,75,66,SSW,6,0,29.72,0.0,Mostly Cloudy
3:30 PM,86,75,70,SSW,7,0,29.72,0.0,Mostly Cloudy
4:00 PM,88,75,66,S,7,0,29.69,0.0,Mostly Cloudy
4:30 PM,86,77,74,SSW,8,0,29.69,0.0,Mostly Cloudy
5:00 PM,86,77,74,S,9,0,29.69,0.0,Mostly Cloudy
5:30 PM,88,77,70,VAR,5,0,29.72,0.0,Mostly Cloudy
6:00 PM,82,75,79,NE,9,0,29.72,0.0,Partly Cloudy
6:30 PM,81,75,84,ENE,6,0,29.75,0.0,Mostly Cloudy
7:00 PM,81,73,79,NE,9,0,29.75,0.0,Mostly Cloudy
7:30 PM,81,73,79,VAR,2,0,29.78,0.0,Mostly Cloudy
8:00 PM,81,75,84,NNE,3,0,29.78,0.0,Mostly Cloudy
8:30 PM,81,75,84,NNE,3,0,29.78,0.0,Mostly Cloudy
9:00 PM,81,75,84,VAR,2,0,29.78,0.0,Partly Cloudy
9:30 PM,81,77,89,VAR,2,0,29.78,0.0,Partly Cloudy
10:00 PM,81,77,89,VAR,2,0,29.81,0.0,Partly Cloudy
10:30 PM,81,75,84,N,5,0,29.81,0.0,Mostly Cloudy
11:00 PM,81,75,84,N,5,0,29.81,0.0,Mostly Cloudy
11:30 PM,81,75,84,VAR,3,0,29.81,0.0,Partly Cloudy
12:00 AM,79,75,89,VAR,2,0,29.81,0.0,Mostly Cloudy
12:30 AM,79,75,89,VAR,2,0,29.81,0.0,Mostly Cloudy
1:00 AM,79,75,89,VAR,2,0,29.81,0.0,Mostly Cloudy
1:30 AM,79,75,89,VAR,2,0,29.81,0.0,Mostly Cloudy
2:00 AM,79,75,89,VAR,3,0,29.78,0.0,Mostly Cloudy
2:30 AM,79,75,89,VAR,1,0,29.78,0.0,Mostly Cloudy
3:00 AM,79,75,89,VAR,1,0,29.78,0.0,Mostly Cloudy
3:30 AM,79,75,89,VAR,2,0,29.75,0.0,Mostly Cloudy
4:00 AM,79,75,89,NW,3,0,29.75,0.0,Mostly Cloudy
4:30 AM,79,75,89,VAR,2,0,29.75,0.0,Mostly Cloudy
5:00 AM,79,75,89,VAR,1,0,29.72,0.0,Mostly Cloudy
5:30 AM,77,75,94,VAR,2,0,29.75,0.0,Mostly Cloudy
6:00 AM,79,75,89,VAR,2,0,29.75,0.0,Mostly Cloudy
6:30 AM,79,75,89,VAR,3,0,29.75,0.0,Mostly Cloudy
7:00 AM,77,75,94,VAR,2,0,29.75,0.0,Mostly Cloudy
7:30 AM,77,75,94,VAR,2,0,29.78,0.0,Mostly Cloudy
8:00 AM,79,75,89,VAR,2,0,29.78,0.0,Mostly Cloudy
8:30 AM,81,75,84,VAR,2,0,29.78,0.0,Mostly Cloudy
9:00 AM,81,75,84,VAR,2,0,29.81,0.0,Mostly Cloudy
9:30 AM,84,75,74,VAR,2,0,29.81,0.0,Mostly Cloudy
10:00 AM,84,75,74,NW,5,0,29.81,0.0,Mostly Cloudy
10:30 AM,86,75,70,NW,7,0,29.81,0.0,Mostly Cloudy
11:00 AM,88,75,66,WNW,7,0,29.78,0.0,Mostly Cloudy
11:30 AM,90,73,59,VAR,6,0,29.78,0.0,Mostly Cloudy
12:00 PM,90,75,62,NW,7,0,29.78,0.0,Mostly Cloudy
12:30 PM,91,73,55,WNW,7,0,29.75,0.0,Mostly Cloudy
1:00 PM,91,73,55,NW,8,0,29.75,0.0,Mostly Cloudy
1:30 PM,93,73,52,WNW,7,0,29.72,0.0,Mostly Cloudy
2:00 PM,93,73,52,WNW,7,0,29.72,0.0,Mostly Cloudy
2:30 PM,93,72,49,WNW,10,22,29.72,0.0,Mostly Cloudy
3:00 PM,93,72,49,WNW,9,0,29.69,0.0,Mostly Cloudy
3:30 PM,95,72,47,NW,5,0,29.69,0.0,Mostly Cloudy
4:00 PM,93,68,44,W,10,0,29.69,0.0,Mostly Cloudy
4:30 PM,95,68,41,W,9,22,29.69,0.0,Mostly Cloudy
5:00 PM,93,70,46,WNW,9,0,29.69,0.0,Mostly Cloudy
5:30 PM,95,68,41,WNW,7,0,29.69,0.0,Mostly Cloudy
6:00 PM,93,70,46,VAR,6,0,29.72,0.0,Mostly Cloudy
6:30 PM,91,73,55,WNW,7,0,29.72,0.0,Mostly Cloudy
7:00 PM,88,73,62,VAR,3,0,29.72,0.0,Mostly Cloudy
7:30 PM,84,77,79,NE,8,0,29.75,0.0,Mostly Cloudy
8:00 PM,84,77,79,NNE,7,0,29.78,0.0,Mostly Cloudy
8:30 PM,82,77,84,NNE,8,0,29.78,0.0,Mostly Cloudy
9:00 PM,82,77,84,NNE,6,0,29.78,0.0,Mostly Cloudy
9:30 PM,82,77,84,N,5,0,29.81,0.0,Mostly Cloudy
10:00 PM,82,77,84,N,5,0,29.81,0.0,Mostly Cloudy
10:30 PM,81,77,89,N,5,0,29.81,0.0,Mostly Cloudy
11:00 PM,81,77,89,N,5,0,29.81,0.0,Mostly Cloudy
11:30 PM,81,77,89,VAR,5,0,29.81,0.0,Mostly Cloudy
12:00 AM,81,77,89,N,5,0,29.81,0.0,Mostly Cloudy
12:30 AM,81,77,89,VAR,3,0,29.81,0.0,Mostly Cloudy
1:00 AM,81,77,89,VAR,3,0,29.78,0.0,Mostly Cloudy
1:30 AM,81,77,89,N,3,0,29.78,0.0,Mostly Cloudy
2:00 AM,81,77,89,NNW,3,0,29.78,0.0,Mostly Cloudy
2:30 AM,79,77,94,NNW,3,0,29.78,0.0,Mostly Cloudy
3:00 AM,79,77,94,NNW,3,0,29.78,0.0,Mostly Cloudy
3:30 AM,79,77,94,NNW,3,0,29.75,0.0,Mostly Cloudy
4:00 AM,79,77,94,NNW,3,0,29.75,0.0,Mostly Cloudy
4:30 AM,79,77,94,VAR,2,0,29.75,0.0,Mostly Cloudy
5:00 AM,79,77,94,VAR,2,0,29.75,0.0,Mostly Cloudy
5:30 AM,79,77,94,VAR,2,0,29.75,0.0,Mostly Cloudy
6:00 AM,79,77,94,VAR,2,0,29.75,0.0,Mostly Cloudy
6:30 AM,79,77,94,VAR,2,0,29.75,0.0,Mostly Cloudy
7:00 AM,79,77,94,N,3,0,29.75,0.0,Mostly Cloudy
7:30 AM,79,77,94,NNW,3,0,29.78,0.0,Mostly Cloudy
8:00 AM,81,77,89,VAR,2,0,29.78,0.0,Mostly Cloudy
8:30 AM,81,77,89,NNW,5,0,29.81,0.0,Mostly Cloudy
9:00 AM,82,77,84,NNW,3,0,29.81,0.0,Mostly Cloudy
9:30 AM,84,77,79,NNW,5,0,29.84,0.0,Mostly Cloudy
10:00 AM,86,77,74,VAR,3,0,29.84,0.0,Mostly Cloudy
10:30 AM,86,77,74,VAR,6,0,29.84,0.0,Mostly Cloudy
11:00 AM,88,77,70,VAR,5,0,29.84,0.0,Mostly Cloudy
11:30 AM,88,75,66,NNW,7,0,29.84,0.0,Mostly Cloudy
12:00 PM,90,75,62,NW,6,0,29.84,0.0,Mostly Cloudy
12:30 PM,90,75,62,NW,7,0,29.81,0.0,Mostly Cloudy
1:00 PM,90,75,62,VAR,7,0,29.81,0.0,Mostly Cloudy
1:30 PM,90,73,59,NW,8,0,29.81,0.0,Mostly Cloudy
2:00 PM,91,73,55,WNW,8,0,29.78,0.0,Mostly Cloudy
2:30 PM,81,75,84,WSW,7,0,29.78,0.0,Partly Cloudy
3:00 PM,81,77,89,WSW,6,20,29.78,0.0,Mostly Cloudy
3:30 PM,73,72,94,WNW,9,0,29.75,0.0,Mostly Cloudy
4:00 PM,77,72,83,VAR,5,0,29.72,0.0,Mostly Cloudy
4:30 PM,77,73,89,VAR,2,0,29.72,0.0,Mostly Cloudy
5:00 PM,79,73,83,WNW,3,0,29.75,0.0,Mostly Cloudy
5:30 PM,79,75,89,VAR,3,0,29.75,0.0,Partly Cloudy
6:00 PM,81,75,84,VAR,3,0,29.75,0.0,Mostly Cloudy
6:30 PM,81,75,84,N,3,0,29.78,0.0,Mostly Cloudy
7:00 PM,79,75,89,VAR,2,0,29.78,0.0,Mostly Cloudy
7:30 PM,79,73,83,N,5,0,29.78,0.0,Mostly Cloudy
8:00 PM,77,72,83,N,3,0,29.78,0.0,Partly Cloudy
8:30 PM,77,72,83,N,3,0,29.78,0.0,Mostly Cloudy
9:00 PM,77,72,83,N,3,0,29.81,0.0,Mostly Cloudy
9:30 PM,77,73,89,VAR,3,0,29.81,0.0,Mostly Cloudy
10:00 PM,77,73,89,VAR,2,0,29.81,0.0,Mostly Cloudy
10:30 PM,77,73,89,VAR,2,0,29.81,0.0,Mostly Cloudy
11:00 PM,77,73,89,NNW,3,0,29.81,0.0,Partly Cloudy
11:30 PM,77,73,89,NNW,5,0,29.81,0.0,Mostly Cloudy
12:00 AM,77,73,89,NNW,5,0,29.81,0.0,Mostly Cloudy
12:30 AM,77,73,89,NW,3,0,29.78,0.0,Mostly Cloudy
1:00 AM,77,75,94,NW,3,0,29.78,0.0,Mostly Cloudy
1:30 AM,77,75,94,NNW,3,0,29.78,0.0,Mostly Cloudy
2:00 AM,79,75,89,NW,3,0,29.78,0.0,Mostly Cloudy
2:30 AM,79,75,89,NNW,3,0,29.78,0.0,Mostly Cloudy
3:00 AM,79,75,89,NNW,3,0,29.78,0.0,Mostly Cloudy
3:30 AM,79,75,89,VAR,3,0,29.75,0.0,Mostly Cloudy
4:00 AM,79,75,89,N,3,0,29.75,0.0,Mostly Cloudy
4:30 AM,79,75,89,VAR,3,0,29.75,0.0,Mostly Cloudy
5:00 AM,79,75,89,VAR,2,0,29.75,0.0,Mostly Cloudy
5:30 AM,79,75,89,VAR,2,0,29.75,0.0,Mostly Cloudy
6:00 AM,79,75,89,NW,3,0,29.75,0.0,Mostly Cloudy
6:30 AM,79,75,89,VAR,3,0,29.75,0.0,Partly Cloudy
7:00 AM,79,75,89,NNW,3,0,29.78,0.0,Mostly Cloudy
7:30 AM,79,75,89,VAR,3,0,29.78,0.0,Mostly Cloudy
8:00 AM,79,77,94,NW,3,0,29.81,0.0,Mostly Cloudy
8:30 AM,81,77,89,VAR,2,0,29.81,0.0,Mostly Cloudy
9:00 AM,81,77,89,N,5,0,29.81,0.0,Mostly Cloudy
9:30 AM,82,77,84,VAR,5,0,29.84,0.0,Mostly Cloudy
10:00 AM,82,77,84,N,6,0,29.84,0.0,Mostly Cloudy
10:30 AM,84,77,79,NNW,6,0,29.84,0.0,Mostly Cloudy
11:00 AM,86,77,74,NNW,6,0,29.84,0.0,Mostly Cloudy
11:30 AM,86,77,74,N,7,0,29.84,0.0,Mostly Cloudy
12:00 PM,86,77,74,VAR,6,0,29.84,0.0,Mostly Cloudy
12:30 PM,86,75,70,WNW,7,0,29.84,0.0,Mostly Cloudy
1:00 PM,88,77,70,SSW,5,0,29.81,0.0,Mostly Cloudy
1:30 PM,86,77,74,NE,9,0,29.78,0.0,Mostly Cloudy
2:00 PM,86,77,74,NE,8,0,29.78,0.0,Mostly Cloudy
2:30 PM,90,73,59,VAR,6,0,29.75,0.0,Mostly Cloudy
3:00 PM,88,75,66,VAR,5,0,29.75,0.0,Mostly Cloudy
3:30 PM,86,75,70,NNE,3,0,29.75,0.0,Mostly Cloudy
4:00 PM,77,73,89,VAR,8,24,29.75,0.0,Partly Cloudy
4:30 PM,77,73,89,VAR,6,0,29.75,0.0,Mostly Cloudy
5:00 PM,72,72,100,WNW,14,35,29.78,0.0,Cloudy
5:30 PM,72,72,100,VAR,3,0,29.75,0.0,Cloudy
6:00 PM,73,73,100,W,3,0,29.78,0.0,Mostly Cloudy
6:30 PM,75,75,100,VAR,2,0,29.78,0.0,Mostly Cloudy
7:00 PM,75,75,100,N,3,0,29.78,0.0,Mostly Cloudy
7:30 PM,75,75,100,N,3,0,29.81,0.0,Mostly Cloudy
8:00 PM,75,75,100,VAR,1,0,29.81,0.0,Mostly Cloudy
8:30 PM,77,75,94,VAR,2,0,29.81,0.0,Mostly Cloudy
9:00 PM,77,75,94,VAR,2,0,29.81,0.0,Mostly Cloudy
9:30 PM,77,75,94,NNW,3,0,29.81,0.0,Mostly Cloudy
10:00 PM,77,75,94,NNW,3,0,29.84,0.0,Mostly Cloudy
10:30 PM,77,75,94,NNW,3,0,29.84,0.0,Mostly Cloudy
11:00 PM,77,73,89,NNW,3,0,29.84,0.0,Mostly Cloudy
11:30 PM,77,73,89,NW,3,0,29.84,0.0,Mostly Cloudy
2:00 PM,84,77,79,S,6,0,29.75,0.0,Partly Cloudy
12:00 AM,77,73,89,NW,3,0,29.84,0.0,Mostly Cloudy
12:30 AM,77,73,89,NW,3,0,29.84,0.0,Mostly Cloudy
1:00 AM,77,73,89,NW,3,0,29.84,0.0,Mostly Cloudy
1:30 AM,77,73,89,VAR,2,0,29.81,0.0,Mostly Cloudy
2:00 AM,77,73,89,NW,3,0,29.81,0.0,Mostly Cloudy
2:30 AM,77,73,89,NW,3,0,29.81,0.0,Mostly Cloudy
3:00 AM,77,75,94,VAR,2,0,29.81,0.0,Mostly Cloudy
3:30 AM,77,75,94,NNW,3,0,29.78,0.0,Mostly Cloudy
4:00 AM,77,75,94,VAR,2,0,29.78,0.0,Mostly Cloudy
4:30 AM,77,75,94,NNW,3,0,29.75,0.0,Mostly Cloudy
5:00 AM,77,75,94,NNW,3,0,29.75,0.0,Mostly Cloudy
5:30 AM,77,73,89,NNW,3,0,29.78,0.0,Mostly Cloudy
6:00 AM,77,73,89,NNW,3,0,29.78,0.0,Mostly Cloudy
6:30 AM,77,73,89,NNW,3,0,29.78,0.0,Mostly Cloudy
7:00 AM,79,73,83,NNW,5,0,29.78,0.0,Mostly Cloudy
7:30 AM,77,75,94,WNW,3,0,29.81,0.0,Mostly Cloudy
8:00 AM,77,75,94,VAR,2,0,29.81,0.0,Partly Cloudy
8:30 AM,79,75,89,N,3,0,29.84,0.0,Mostly Cloudy
9:00 AM,77,75,94,N,3,0,29.84,0.0,Mostly Cloudy
9:30 AM,77,75,94,VAR,2,0,29.84,0.0,Mostly Cloudy
10:00 AM,79,75,89,N,3,0,29.84,0.0,Mostly Cloudy
10:30 AM,81,75,84,VAR,6,0,29.84,0.0,Mostly Cloudy
11:00 AM,82,75,79,N,5,0,29.84,0.0,Mostly Cloudy
11:30 AM,82,75,79,VAR,5,0,29.81,0.0,Mostly Cloudy
12:00 PM,84,75,74,N,3,0,29.81,0.0,Mostly Cloudy
12:30 PM,84,75,74,NNW,5,0,29.81,0.0,Mostly Cloudy
1:00 PM,86,75,70,VAR,5,0,29.78,0.0,Mostly Cloudy
1:30 PM,86,75,70,NNE,3,0,29.78,0.0,Mostly Cloudy
2:00 PM,84,75,74,NE,6,0,29.78,0.0,Mostly Cloudy
2:30 PM,86,75,70,NE,5,0,29.75,0.0,Mostly Cloudy
3:00 PM,86,75,70,NE,7,0,29.75,0.0,Mostly Cloudy
3:30 PM,86,75,70,NNE,7,0,29.75,0.0,Mostly Cloudy
4:00 PM,86,75,70,NNE,7,0,29.75,0.0,Mostly Cloudy
4:30 PM,84,75,74,NNE,6,0,29.75,0.0,Mostly Cloudy
5:00 PM,84,75,74,N,5,0,29.75,0.0,Mostly Cloudy
5:30 PM,84,75,74,N,7,0,29.75,0.0,Mostly Cloudy
6:00 PM,82,75,79,VAR,5,0,29.75,0.0,Mostly Cloudy
6:30 PM,82,75,79,N,6,0,29.75,0.0,Mostly Cloudy
7:00 PM,82,75,79,VAR,5,0,29.78,0.0,Mostly Cloudy
7:30 PM,81,75,84,N,5,0,29.78,0.0,Mostly Cloudy
8:00 PM,81,75,84,N,5,0,29.78,0.0,Mostly Cloudy
8:30 PM,81,75,84,VAR,3,0,29.81,0.0,Mostly Cloudy
9:00 PM,81,75,84,VAR,3,0,29.81,0.0,Mostly Cloudy
9:30 PM,81,75,84,VAR,5,0,29.84,0.0,Mostly Cloudy
10:00 PM,81,75,84,N,5,0,29.84,0.0,Mostly Cloudy
10:30 PM,81,75,84,VAR,6,0,29.84,0.0,Mostly Cloudy
11:00 PM,81,75,84,N,5,0,29.84,0.0,Mostly Cloudy
11:30 PM,81,75,84,N,7,0,29.84,0.0,Mostly Cloudy
12:00 AM,81,75,84,N,6,0,29.84,0.0,Mostly Cloudy
12:30 AM,81,75,84,VAR,3,0,29.84,0.0,Mostly Cloudy
1:00 AM,81,75,84,N,6,0,29.84,0.0,Mostly Cloudy
1:30 AM,79,75,89,NNE,3,0,29.84,0.0,Mostly Cloudy
2:00 AM,79,75,89,VAR,3,0,29.81,0.0,Mostly Cloudy
2:30 AM,79,75,89,N,6,0,29.81,0.0,Mostly Cloudy
3:00 AM,79,75,89,N,5,0,29.81,0.0,Mostly Cloudy
3:30 AM,79,75,89,VAR,3,0,29.78,0.0,Mostly Cloudy
4:00 AM,79,75,89,N,5,0,29.78,0.0,Mostly Cloudy
4:30 AM,79,75,89,N,6,0,29.78,0.0,Mostly Cloudy
5:00 AM,79,75,89,N,3,0,29.78,0.0,Mostly Cloudy
5:30 AM,79,75,89,N,5,0,29.78,0.0,Mostly Cloudy
6:00 AM,79,75,89,N,5,0,29.78,0.0,Mostly Cloudy
6:30 AM,79,75,89,N,5,0,29.78,0.0,Mostly Cloudy
7:00 AM,79,75,89,N,6,0,29.81,0.0,Mostly Cloudy
7:30 AM,79,75,89,N,6,0,29.81,0.0,Mostly Cloudy
8:00 AM,79,75,89,N,6,0,29.81,0.0,Mostly Cloudy
8:30 AM,81,75,84,N,5,0,29.84,0.0,Mostly Cloudy
9:00 AM,82,75,79,N,6,0,29.84,0.0,Mostly Cloudy
9:30 AM,84,75,74,NNE,7,0,29.84,0.0,Mostly Cloudy
10:00 AM,84,75,74,NNE,9,0,29.84,0.0,Partly Cloudy
10:30 AM,84,77,79,NNE,7,0,29.87,0.0,Mostly Cloudy
11:00 AM,84,77,79,NNE,8,0,29.84,0.0,Mostly Cloudy
11:30 AM,86,75,70,NE,9,0,29.84,0.0,Mostly Cloudy
12:00 PM,88,75,66,NNE,9,0,29.84,0.0,Mostly Cloudy
12:30 PM,86,75,70,NNE,7,0,29.84,0.0,Mostly Cloudy
1:00 PM,86,75,70,NNE,8,0,29.84,0.0,Mostly Cloudy
1:30 PM,88,75,66,NNE,7,0,29.81,0.0,Mostly Cloudy
2:00 PM,88,73,62,NNE,7,0,29.81,0.0,Mostly Cloudy
2:30 PM,86,75,70,NNE,9,0,29.81,0.0,Mostly Cloudy
3:00 PM,86,75,70,NE,12,0,29.78,0.0,Mostly Cloudy
3:30 PM,86,75,70,NE,14,0,29.78,0.0,Mostly Cloudy
4:00 PM,84,75,74,NE,12,0,29.78,0.0,Mostly Cloudy
4:30 PM,84,75,74,NE,12,0,29.78,0.0,Partly Cloudy
5:00 PM,84,75,74,NE,14,0,29.78,0.0,Partly Cloudy
5:30 PM,82,73,74,NNE,9,0,29.78,0.0,Partly Cloudy
6:00 PM,82,73,74,NNE,6,0,29.81,0.0,Partly Cloudy
6:30 PM,82,73,74,NE,8,0,29.81,0.0,Partly Cloudy
7:00 PM,82,75,79,NNE,6,0,29.81,0.0,Partly Cloudy
7:30 PM,82,75,79,NNE,6,0,29.81,0.0,Mostly Cloudy
8:00 PM,82,75,79,NNE,5,0,29.81,0.0,Mostly Cloudy
8:30 PM,82,75,79,NNE,8,0,29.84,0.0,Mostly Cloudy
9:00 PM,82,73,74,NNE,8,0,29.84,0.0,Mostly Cloudy
9:30 PM,81,75,84,NNE,5,0,29.84,0.0,Mostly Cloudy
10:00 PM,81,75,84,NNE,5,0,29.87,0.0,Mostly Cloudy
10:30 PM,81,75,84,N,5,0,29.87,0.0,Partly Cloudy
11:00 PM,81,75,84,N,5,0,29.87,0.0,Partly Cloudy
11:30 PM,81,75,84,N,5,0,29.87,0.0,Partly Cloudy
12:00 AM,81,75,84,N,5,0,29.87,0.0,Partly Cloudy
12:30 AM,79,75,89,N,5,0,29.87,0.0,Mostly Cloudy
1:00 AM,79,75,89,N,5,0,29.87,0.0,Mostly Cloudy
1:30 AM,81,75,84,N,5,0,29.87,0.0,Mostly Cloudy
2:00 AM,81,75,84,N,5,0,29.84,0.0,Mostly Cloudy
2:30 AM,81,75,84,N,5,0,29.84,0.0,Mostly Cloudy
3:00 AM,79,75,89,N,5,0,29.84,0.0,Partly Cloudy
3:30 AM,79,73,83,N,5,0,29.84,0.0,Mostly Cloudy
4:00 AM,79,73,83,N,5,0,29.84,0.0,Mostly Cloudy
4:30 AM,79,75,89,N,5,0,29.81,0.0,Mostly Cloudy
5:00 AM,79,73,83,N,5,0,29.81,0.0,Mostly Cloudy
5:30 AM,79,73,83,N,3,0,29.84,0.0,Mostly Cloudy
6:00 AM,79,73,83,N,5,0,29.84,0.0,Mostly Cloudy
6:30 AM,79,73,83,N,3,0,29.84,0.0,Mostly Cloudy
7:00 AM,79,73,83,N,3,0,29.84,0.0,Mostly Cloudy
7:30 AM,79,73,83,N,3,0,29.84,0.0,Mostly Cloudy
8:00 AM,79,75,89,NNW,3,0,29.87,0.0,Mostly Cloudy
8:30 AM,79,75,89,N,3,0,29.87,0.0,Mostly Cloudy
9:00 AM,81,75,84,N,5,0,29.87,0.0,Mostly Cloudy
9:30 AM,81,75,84,N,6,0,29.90,0.0,Mostly Cloudy
10:00 AM,82,75,79,N,8,0,29.87,0.0,Mostly Cloudy
10:30 AM,84,75,74,N,6,0,29.87,0.0,Mostly Cloudy
11:00 AM,84,75,74,N,9,0,29.90,0.0,Mostly Cloudy
11:30 AM,84,75,74,NNE,7,0,29.87,0.0,Mostly Cloudy
12:00 PM,86,75,70,N,7,0,29.87,0.0,Mostly Cloudy
12:30 PM,86,75,70,NNE,8,0,29.87,0.0,Mostly Cloudy
1:00 PM,88,77,70,NE,9,0,29.84,0.0,Mostly Cloudy
1:30 PM,88,75,66,NNE,5,0,29.84,0.0,Mostly Cloudy
2:00 PM,88,77,70,NE,10,0,29.81,0.0,Mostly Cloudy
2:30 PM,88,75,66,NE,10,0,29.81,0.0,Mostly Cloudy
3:00 PM,86,75,70,NE,9,0,29.78,0.0,Mostly Cloudy
3:30 PM,86,75,70,NE,12,0,29.78,0.0,Mostly Cloudy
4:00 PM,82,75,79,N,6,0,29.78,0.0,Partly Cloudy
4:30 PM,86,75,70,NE,10,0,29.78,0.0,Mostly Cloudy
5:00 PM,86,73,66,NE,10,0,29.78,0.0,Mostly Cloudy
5:30 PM,84,73,70,NE,12,0,29.78,0.0,Mostly Cloudy
6:00 PM,84,73,70,NNE,8,0,29.78,0.0,Mostly Cloudy
6:30 PM,82,75,79,NE,7,0,29.78,0.0,Partly Cloudy
7:00 PM,82,75,79,NNE,8,0,29.81,0.0,Mostly Cloudy
7:30 PM,82,75,79,NE,8,0,29.81,0.0,Mostly Cloudy
8:00 PM,82,75,79,NNE,6,0,29.81,0.0,Partly Cloudy
8:30 PM,82,75,79,NNE,5,0,29.81,0.0,Partly Cloudy
9:00 PM,81,75,84,NNE,5,0,29.81,0.0,Partly Cloudy
9:30 PM,81,75,84,NNE,3,0,29.84,0.0,Mostly Cloudy
10:00 PM,81,75,84,N,5,0,29.81,0.0,Mostly Cloudy
10:30 PM,81,75,84,N,5,0,29.84,0.0,Mostly Cloudy
11:00 PM,81,75,84,N,5,0,29.84,0.0,Mostly Cloudy
11:30 PM,79,75,89,N,5,0,29.84,0.0,Mostly Cloudy
12:00 AM,79,75,89,N,5,0,29.84,0.0,Mostly Cloudy
12:30 AM,79,75,89,N,3,0,29.84,0.0,Mostly Cloudy
1:00 AM,79,75,89,N,3,0,29.84,0.0,Mostly Cloudy
1:30 AM,79,75,89,N,3,0,29.84,0.0,Mostly Cloudy
2:00 AM,79,75,89,VAR,2,0,29.81,0.0,Mostly Cloudy
2:30 AM,79,75,89,VAR,3,0,29.81,0.0,Mostly Cloudy
3:00 AM,79,75,89,N,3,0,29.81,0.0,Mostly Cloudy
3:30 AM,79,75,89,N,5,0,29.81,0.0,Mostly Cloudy
4:00 AM,79,75,89,N,5,0,29.81,0.0,Mostly Cloudy
4:30 AM,77,75,94,N,3,0,29.81,0.0,Mostly Cloudy
5:00 AM,77,75,94,N,3,0,29.81,0.0,Mostly Cloudy
5:30 AM,77,75,94,VAR,3,0,29.81,0.0,Mostly Cloudy
6:00 AM,77,75,94,NNE,3,0,29.81,0.0,Mostly Cloudy
6:30 AM,77,75,94,N,3,0,29.81,0.0,Mostly Cloudy
7:00 AM,77,75,94,VAR,2,0,29.84,0.0,Mostly Cloudy
7:30 AM,79,75,89,NNW,3,0,29.84,0.0,Mostly Cloudy
8:00 AM,79,75,89,N,3,0,29.84,0.0,Mostly Cloudy
8:30 AM,81,75,84,VAR,2,0,29.84,0.0,Mostly Cloudy
9:00 AM,81,77,89,VAR,3,0,29.87,0.0,Mostly Cloudy
9:30 AM,82,77,84,N,3,0,29.87,0.0,Mostly Cloudy
10:00 AM,81,77,89,NNE,6,0,29.84,0.0,Partly Cloudy
10:30 AM,84,77,79,NNE,8,0,29.84,0.0,Mostly Cloudy
11:00 AM,84,77,79,NNE,8,0,29.84,0.0,Mostly Cloudy
11:30 AM,84,77,79,VAR,8,0,29.84,0.0,Partly Cloudy
12:00 PM,84,75,74,N,3,0,29.84,0.0,Partly Cloudy
12:30 PM,84,75,74,NE,9,0,29.84,0.0,Partly Cloudy
1:00 PM,86,75,70,N,5,0,29.84,0.0,Partly Cloudy
1:30 PM,86,77,74,NE,9,0,29.81,0.0,Partly Cloudy
2:00 PM,82,77,84,VAR,5,0,29.81,0.0,Partly Cloudy
2:30 PM,81,77,89,NE,8,0,29.81,0.0,Partly Cloudy
3:00 PM,81,77,89,ESE,5,0,29.78,0.0,Mostly Cloudy
3:30 PM,75,75,100,N,6,0,29.78,0.0,Cloudy
4:00 PM,75,75,100,VAR,1,0,29.78,0.0,Mostly Cloudy
4:30 PM,77,77,100,NNW,5,0,29.78,0.0,Mostly Cloudy
5:00 PM,75,75,100,N,7,0,29.78,0.0,Mostly Cloudy
5:30 PM,77,75,94,VAR,2,0,29.78,0.0,Mostly Cloudy
6:00 PM,79,77,94,VAR,2,0,29.78,0.0,Mostly Cloudy
6:30 PM,81,75,84,VAR,2,0,29.81,0.0,Mostly Cloudy
7:00 PM,79,77,94,VAR,1,0,29.81,0.0,Mostly Cloudy
7:30 PM,77,77,100,VAR,2,0,29.81,0.0,Mostly Cloudy
8:00 PM,77,77,100,VAR,1,0,29.84,0.0,Mostly Cloudy
8:30 PM,77,75,94,VAR,2,0,29.84,0.0,Partly Cloudy
9:00 PM,77,77,100,VAR,2,0,29.84,0.0,Mostly Cloudy
9:30 PM,79,77,94,NNE,6,0,29.84,0.0,Mostly Cloudy
10:00 PM,79,77,94,NNE,5,0,29.84,0.0,Mostly Cloudy
10:30 PM,79,75,89,VAR,3,0,29.84,0.0,Mostly Cloudy
11:00 PM,79,75,89,N,3,0,29.84,0.0,Mostly Cloudy
11:30 PM,79,75,89,N,3,0,29.84,0.0,Mostly Cloudy
12:00 AM,79,75,89,N,5,0,29.84,0.0,Mostly Cloudy
12:30 AM,79,75,89,N,5,0,29.84,0.0,Mostly Cloudy
1:00 AM,79,75,89,N,3,0,29.84,0.0,Mostly Cloudy
1:30 AM,79,75,89,VAR,3,0,29.84,0.0,Mostly Cloudy
2:00 AM,79,75,89,N,5,0,29.81,0.0,Mostly Cloudy
2:30 AM,79,75,89,N,5,0,29.81,0.0,Mostly Cloudy
3:00 AM,79,75,89,N,6,0,29.81,0.0,Mostly Cloudy
3:30 AM,79,75,89,N,5,0,29.81,0.0,Mostly Cloudy
4:00 AM,79,75,89,N,5,0,29.78,0.0,Mostly Cloudy
4:30 AM,79,75,89,N,6,0,29.78,0.0,Mostly Cloudy
5:00 AM,79,75,89,NNE,5,0,29.81,0.0,Mostly Cloudy
5:30 AM,79,75,89,N,5,0,29.81,0.0,Mostly Cloudy
6:00 AM,79,75,89,N,5,0,29.81,0.0,Mostly Cloudy
6:30 AM,79,75,89,N,5,0,29.81,0.0,Mostly Cloudy
7:00 AM,79,75,89,N,5,0,29.81,0.0,Mostly Cloudy
7:30 AM,79,75,89,N,6,0,29.81,0.0,Mostly Cloudy
8:00 AM,79,75,89,N,3,0,29.84,0.0,Mostly Cloudy
8:30 AM,79,75,89,N,3,0,29.84,0.0,Mostly Cloudy
9:00 AM,81,77,89,N,5,0,29.84,0.0,Mostly Cloudy
9:30 AM,81,77,89,N,5,0,29.84,0.0,Mostly Cloudy
10:00 AM,82,77,84,NNE,6,0,29.84,0.0,Mostly Cloudy
10:30 AM,84,77,79,NNE,8,0,29.84,0.0,Mostly Cloudy
11:00 AM,84,77,79,NNE,8,0,29.84,0.0,Mostly Cloudy
11:30 AM,86,77,74,NNE,10,0,29.84,0.0,Mostly Cloudy
12:00 PM,86,77,74,NNE,8,0,29.84,0.0,Mostly Cloudy
12:30 PM,86,75,70,NNE,9,0,29.84,0.0,Mostly Cloudy
1:00 PM,86,75,70,NE,12,0,29.81,0.0,Mostly Cloudy
1:30 PM,88,77,70,NNE,12,0,29.81,0.0,Partly Cloudy
2:00 PM,88,75,66,NE,12,0,29.81,0.0,Mostly Cloudy
2:30 PM,88,77,70,NE,13,0,29.78,0.0,Mostly Cloudy
3:00 PM,86,77,74,NE,9,0,29.78,0.0,Mostly Cloudy
3:30 PM,88,75,66,NNE,13,0,29.78,0.0,Mostly Cloudy
4:00 PM,86,75,70,NNE,14,0,29.78,0.0,Partly Cloudy
4:30 PM,84,75,74,NNE,12,0,29.75,0.0,Partly Cloudy
5:00 PM,84,75,74,NNE,12,0,29.78,0.0,Mostly Cloudy
5:30 PM,84,75,74,NNE,12,0,29.81,0.0,Mostly Cloudy
6:00 PM,82,75,79,NE,10,0,29.81,0.0,Mostly Cloudy
6:30 PM,82,75,79,NNE,9,0,29.81,0.0,Partly Cloudy
7:00 PM,82,75,79,NE,9,0,29.84,0.0,Mostly Cloudy
7:30 PM,82,75,79,NNE,9,0,29.84,0.0,Mostly Cloudy
8:00 PM,81,75,84,NE,9,0,29.84,0.0,Mostly Cloudy
8:30 PM,81,75,84,NE,8,0,29.84,0.0,Mostly Cloudy
9:00 PM,81,75,84,NE,8,0,29.87,0.0,Mostly Cloudy
9:30 PM,81,75,84,NE,8,0,29.87,0.0,Mostly Cloudy
10:00 PM,81,75,84,NE,7,0,29.87,0.0,Mostly Cloudy
10:30 PM,81,75,84,NNE,8,0,29.87,0.0,Mostly Cloudy
11:00 PM,81,75,84,NNE,10,0,29.84,0.0,Mostly Cloudy
11:30 PM,81,75,84,NNE,10,0,29.84,0.0,Mostly Cloudy
12:00 AM,81,75,84,NNE,8,0,29.84,0.0,Mostly Cloudy
12:30 AM,81,75,84,NNE,9,0,29.84,0.0,Mostly Cloudy
1:00 AM,81,75,84,NNE,8,0,29.84,0.0,Mostly Cloudy
1:30 AM,79,73,83,NNE,9,0,29.84,0.0,Mostly Cloudy
2:00 AM,79,73,83,NNE,9,0,29.84,0.0,Mostly Cloudy
2:30 AM,79,73,83,NNE,9,0,29.81,0.0,Mostly Cloudy
3:00 AM,79,73,83,NNE,10,0,29.81,0.0,Mostly Cloudy
3:30 AM,79,73,83,NNE,8,0,29.81,0.0,Mostly Cloudy
4:00 AM,79,73,83,NNE,9,0,29.81,0.0,Mostly Cloudy
4:30 AM,79,73,83,NNE,8,0,29.81,0.0,Mostly Cloudy
5:00 AM,79,73,83,NNE,7,0,29.81,0.0,Mostly Cloudy
5:30 AM,79,75,89,NNE,5,0,29.84,0.0,Mostly Cloudy
6:00 AM,79,75,89,NNE,5,0,29.84,0.0,Mostly Cloudy
6:30 AM,79,73,83,NNE,6,0,29.84,0.0,Mostly Cloudy
7:00 AM,79,75,89,NE,6,0,29.87,0.0,Mostly Cloudy
7:30 AM,79,75,89,NE,6,0,29.87,0.0,Partly Cloudy
8:00 AM,79,75,89,NNE,5,0,29.87,0.0,Mostly Cloudy
8:30 AM,81,75,84,NE,7,0,29.87,0.0,Partly Cloudy
9:00 AM,82,75,79,NE,9,0,29.87,0.0,Mostly Cloudy
9:30 AM,82,75,79,NE,9,0,29.87,0.0,Mostly Cloudy
10:00 AM,82,75,79,NE,9,0,29.87,0.0,Mostly Cloudy
10:30 AM,84,75,74,NE,12,0,29.87,0.0,Mostly Cloudy
11:00 AM,84,75,74,NE,10,0,29.87,0.0,Mostly Cloudy
11:30 AM,86,75,70,NE,13,0,29.87,0.0,Mostly Cloudy
12:00 PM,86,75,70,NNE,12,0,29.87,0.0,Mostly Cloudy
12:30 PM,86,77,74,NE,12,0,29.87,0.0,Mostly Cloudy
1:00 PM,86,75,70,NE,12,0,29.87,0.0,Mostly Cloudy
1:30 PM,86,75,70,NNE,13,0,29.84,0.0,Mostly Cloudy
2:00 PM,84,73,70,NE,12,0,29.84,0.0,Mostly Cloudy
2:30 PM,86,73,66,NNE,13,0,29.81,0.0,Mostly Cloudy
3:00 PM,84,73,70,NE,10,0,29.81,0.0,Partly Cloudy
3:30 PM,84,73,70,NNE,10,0,29.81,0.0,Partly Cloudy
4:00 PM,84,73,70,NE,13,0,29.81,0.0,Partly Cloudy
4:30 PM,82,75,79,NE,9,0,29.81,0.0,Mostly Cloudy
5:00 PM,82,75,79,NE,10,0,29.81,0.0,Mostly Cloudy
5:30 PM,82,73,74,NE,9,0,29.84,0.0,Mostly Cloudy
6:00 PM,82,73,74,NE,10,0,29.84,0.0,Mostly Cloudy
6:30 PM,82,73,74,NE,12,0,29.84,0.0,Mostly Cloudy
7:00 PM,82,73,74,NE,10,0,29.84,0.0,Mostly Cloudy
7:30 PM,81,73,79,NE,10,0,29.84,0.0,Mostly Cloudy
8:00 PM,81,75,84,NE,9,0,29.87,0.0,Mostly Cloudy
8:30 PM,81,73,79,NE,9,0,29.87,0.0,Mostly Cloudy
9:00 PM,81,75,84,NE,8,0,29.87,0.0,Mostly Cloudy
9:30 PM,81,73,79,NNE,8,0,29.87,0.0,Mostly Cloudy
10:00 PM,81,73,79,NNE,8,0,29.87,0.0,Mostly Cloudy
10:30 PM,81,75,84,NE,9,0,29.87,0.0,Mostly Cloudy
11:00 PM,81,73,79,NNE,8,0,29.87,0.0,Mostly Cloudy
11:30 PM,81,73,79,NNE,7,0,29.87,0.0,Mostly Cloudy
12:00 AM,81,73,79,NE,8,0,29.87,0.0,Mostly Cloudy
12:30 AM,79,75,89,NNE,7,0,29.87,0.0,Mostly Cloudy
1:00 AM,81,73,79,NNE,8,0,29.87,0.0,Mostly Cloudy
1:30 AM,79,73,83,NNE,5,0,29.87,0.0,Mostly Cloudy
2:00 AM,79,73,83,NNE,3,0,29.87,0.0,Mostly Cloudy
2:30 AM,79,75,89,NE,7,0,29.87,0.0,Mostly Cloudy
3:00 AM,79,75,89,NE,8,0,29.84,0.0,Mostly Cloudy
3:30 AM,79,75,89,NNE,6,0,29.84,0.0,Mostly Cloudy
4:00 AM,79,75,89,NNE,6,0,29.84,0.0,Mostly Cloudy
4:30 AM,81,75,84,NNE,7,0,29.84,0.0,Mostly Cloudy
5:00 AM,81,75,84,NE,6,0,29.84,0.0,Mostly Cloudy
5:30 AM,81,75,84,NE,7,0,29.87,0.0,Mostly Cloudy
6:00 AM,81,75,84,NNE,8,0,29.87,0.0,Mostly Cloudy
6:30 AM,81,75,84,NE,7,0,29.87,0.0,Mostly Cloudy
7:00 AM,79,75,89,NE,7,0,29.90,0.0,Mostly Cloudy
7:30 AM,79,75,89,NE,8,0,29.90,0.0,Mostly Cloudy
8:00 AM,79,73,83,NE,8,0,29.90,0.0,Mostly Cloudy
8:30 AM,81,75,84,NNE,7,0,29.90,0.0,Mostly Cloudy
9:00 AM,81,75,84,NE,9,0,29.90,0.0,Mostly Cloudy
9:30 AM,82,75,79,NE,8,0,29.90,0.0,Mostly Cloudy
10:00 AM,82,75,79,NNE,14,0,29.87,0.0,Mostly Cloudy
10:30 AM,84,75,74,NNE,12,0,29.87,0.0,Mostly Cloudy
11:00 AM,86,75,70,NE,13,0,29.87,0.0,Mostly Cloudy
11:30 AM,84,75,74,NE,13,0,29.87,0.0,Mostly Cloudy
12:00 PM,84,73,70,NNE,10,0,29.87,0.0,Mostly Cloudy
12:30 PM,86,73,66,NE,12,0,29.87,0.0,Mostly Cloudy
1:00 PM,84,73,70,NE,10,0,29.84,0.0,Partly Cloudy
1:30 PM,84,75,74,NE,12,0,29.84,0.0,Partly Cloudy
2:00 PM,82,75,79,NE,10,0,29.84,0.0,Mostly Cloudy
2:30 PM,84,73,70,NE,12,0,29.84,0.0,Mostly Cloudy
3:00 PM,82,73,74,NE,9,0,29.81,0.0,Mostly Cloudy
3:30 PM,82,75,79,NE,10,0,29.81,0.0,Mostly Cloudy
4:00 PM,84,73,70,NE,14,0,29.81,0.0,Mostly Cloudy
4:30 PM,84,73,70,NNE,10,0,29.81,0.0,Mostly Cloudy
5:00 PM,84,73,70,NE,10,0,29.81,0.0,Mostly Cloudy
5:30 PM,82,75,79,NE,13,0,29.81,0.0,Partly Cloudy
6:00 PM,82,73,74,NNE,12,0,29.81,0.0,Partly Cloudy
6:30 PM,82,73,74,NE,10,0,29.84,0.0,Mostly Cloudy
7:00 PM,82,73,74,NE,9,0,29.84,0.0,Partly Cloudy
7:30 PM,81,73,79,NNE,9,0,29.84,0.0,Mostly Cloudy
8:00 PM,81,73,79,NNE,7,0,29.84,0.0,Mostly Cloudy
8:30 PM,81,73,79,VAR,7,0,29.87,0.0,Mostly Cloudy
9:00 PM,81,75,84,NNE,7,0,29.87,0.0,Mostly Cloudy
9:30 PM,81,73,79,NNE,9,0,29.87,0.0,Partly Cloudy
10:00 PM,81,73,79,NNE,9,0,29.87,0.0,Partly Cloudy
10:30 PM,81,73,79,NE,10,0,29.87,0.0,Partly Cloudy
11:00 PM,81,73,79,NE,8,0,29.87,0.0,Partly Cloudy
11:30 PM,81,73,79,NE,7,0,29.87,0.0,Partly Cloudy
12:00 AM,81,73,79,NE,8,0,29.87,0.0,Partly Cloudy
12:30 AM,81,73,79,NNE,9,0,29.87,0.0,Mostly Cloudy
1:00 AM,81,73,79,NNE,8,0,29.87,0.0,Mostly Cloudy
1:30 AM,81,73,79,NNE,7,0,29.84,0.0,Mostly Cloudy
2:00 AM,81,73,79,NNE,9,0,29.84,0.0,Mostly Cloudy
2:30 AM,79,73,83,NNE,7,0,29.84,0.0,Mostly Cloudy
3:00 AM,79,73,83,NNE,7,0,29.81,0.0,Mostly Cloudy
3:30 AM,79,73,83,NNE,7,0,29.84,0.0,Mostly Cloudy
4:00 AM,79,73,83,NNE,9,0,29.81,0.0,Mostly Cloudy
4:30 AM,79,73,83,NNE,8,0,29.81,0.0,Mostly Cloudy
5:00 AM,79,73,83,NNE,9,0,29.81,0.0,Mostly Cloudy
5:30 AM,79,72,78,NNE,8,0,29.81,0.0,Mostly Cloudy
6:00 AM,79,72,78,NNE,9,0,29.84,0.0,Mostly Cloudy
6:30 AM,79,73,83,NNE,7,0,29.84,0.0,Mostly Cloudy
7:00 AM,79,72,78,NNE,7,0,29.84,0.0,Mostly Cloudy
7:30 AM,79,73,83,NNE,6,0,29.84,0.0,Mostly Cloudy
8:00 AM,79,73,83,NNE,6,0,29.87,0.0,Mostly Cloudy
8:30 AM,81,72,74,NNE,6,0,29.87,0.0,Mostly Cloudy
9:00 AM,81,72,74,NNE,7,0,29.87,0.0,Mostly Cloudy
9:30 AM,82,72,70,NNE,13,0,29.87,0.0,Mostly Cloudy
10:00 AM,82,73,74,N,8,0,29.87,0.0,Mostly Cloudy
10:30 AM,84,72,66,NNE,12,0,29.87,0.0,Mostly Cloudy
11:00 AM,84,72,66,NNE,10,0,29.87,0.0,Mostly Cloudy
11:30 AM,84,72,66,N,10,23,29.87,0.0,Mostly Cloudy
12:00 PM,86,72,62,NNE,12,0,29.87,0.0,Mostly Cloudy
12:30 PM,86,72,62,NNE,12,0,29.87,0.0,Mostly Cloudy
1:00 PM,86,72,62,NNE,13,0,29.84,0.0,Mostly Cloudy
1:30 PM,88,72,58,NE,15,0,29.84,0.0,Mostly Cloudy
2:00 PM,86,72,62,NNE,12,0,29.81,0.0,Mostly Cloudy
2:30 PM,86,72,62,NE,14,0,29.81,0.0,Mostly Cloudy
3:00 PM,86,73,66,NE,14,0,29.78,0.0,Mostly Cloudy
3:30 PM,86,73,66,NE,13,0,29.78,0.0,Mostly Cloudy
4:00 PM,86,73,66,NE,13,0,29.78,0.0,Partly Cloudy
4:30 PM,86,73,66,NNE,17,0,29.78,0.0,Mostly Cloudy
5:00 PM,84,72,66,NE,13,0,29.78,0.0,Mostly Cloudy
5:30 PM,84,73,70,NNE,14,0,29.78,0.0,Mostly Cloudy
6:00 PM,84,73,70,NNE,16,0,29.81,0.0,Mostly Cloudy
6:30 PM,82,72,70,NE,12,0,29.81,0.0,Mostly Cloudy
7:00 PM,82,70,66,NNE,8,0,29.84,0.0,Mostly Cloudy
7:30 PM,81,72,74,N,8,0,29.84,0.0,Mostly Cloudy
8:00 PM,81,72,74,N,7,0,29.84,0.0,Mostly Cloudy
8:30 PM,81,72,74,NNE,7,0,29.87,0.0,Mostly Cloudy
9:00 PM,79,72,78,N,6,0,29.87,0.0,Mostly Cloudy
9:30 PM,79,72,78,N,7,0,29.87,0.0,Mostly Cloudy
10:00 PM,79,72,78,N,6,0,29.87,0.0,Mostly Cloudy
10:30 PM,79,72,78,N,6,0,29.87,0.0,Mostly Cloudy
11:00 PM,79,72,78,N,6,0,29.87,0.0,Mostly Cloudy
11:30 PM,79,72,78,N,6,0,29.87,0.0,Mostly Cloudy
12:00 AM,77,73,89,N,5,0,29.87,0.0,Mostly Cloudy
12:30 AM,77,73,89,VAR,5,0,29.87,0.0,Mostly Cloudy
1:00 AM,77,73,89,N,6,0,29.87,0.0,Mostly Cloudy
1:30 AM,77,73,89,NNE,6,0,29.87,0.0,Mostly Cloudy
2:00 AM,77,73,89,N,5,0,29.84,0.0,Mostly Cloudy
2:30 AM,77,73,89,N,3,0,29.84,0.0,Mostly Cloudy
3:00 AM,77,73,89,NNW,3,0,29.84,0.0,Mostly Cloudy
3:30 AM,77,73,89,N,7,0,29.84,0.0,Mostly Cloudy
4:00 AM,77,73,89,N,5,0,29.81,0.0,Mostly Cloudy
4:30 AM,77,73,89,N,8,0,29.81,0.0,Mostly Cloudy
5:00 AM,77,73,89,N,6,0,29.81,0.0,Mostly Cloudy
5:30 AM,77,73,89,NNE,6,0,29.81,0.0,Mostly Cloudy
6:00 AM,77,73,89,N,6,0,29.84,0.0,Mostly Cloudy
6:30 AM,77,73,89,N,6,0,29.84,0.0,Mostly Cloudy
7:00 AM,77,73,89,N,6,0,29.84,0.0,Mostly Cloudy
7:30 AM,77,73,89,N,6,0,29.87,0.0,Mostly Cloudy
8:00 AM,77,73,89,N,6,0,29.87,0.0,Mostly Cloudy
8:30 AM,79,73,83,VAR,5,0,29.87,0.0,Mostly Cloudy
9:00 AM,79,75,89,N,6,0,29.87,0.0,Mostly Cloudy
9:30 AM,81,75,84,N,3,0,29.87,0.0,Mostly Cloudy
10:00 AM,82,73,74,N,7,0,29.87,0.0,Mostly Cloudy
10:30 AM,84,73,70,VAR,7,0,29.87,0.0,Mostly Cloudy
11:00 AM,86,75,70,NE,10,0,29.87,0.0,Mostly Cloudy
11:30 AM,86,75,70,NE,9,0,29.87,0.0,Mostly Cloudy
12:00 PM,88,75,66,NNE,10,0,29.87,0.0,Mostly Cloudy
12:30 PM,88,75,66,NNE,8,0,29.87,0.0,Mostly Cloudy
1:00 PM,88,77,70,NNE,7,0,29.84,0.0,Mostly Cloudy
1:30 PM,84,77,79,NNE,8,0,29.84,0.0,Mostly Cloudy
2:00 PM,88,75,66,NNE,6,0,29.81,0.0,Mostly Cloudy
2:30 PM,84,77,79,N,6,0,29.81,0.0,Mostly Cloudy
3:00 PM,88,75,66,NNE,8,0,29.78,0.0,Mostly Cloudy
3:30 PM,90,75,62,NE,9,0,29.78,0.0,Mostly Cloudy
4:00 PM,90,77,66,NE,12,0,29.78,0.0,Mostly Cloudy
4:30 PM,88,75,66,NE,12,0,29.78,0.0,Mostly Cloudy
5:00 PM,88,75,66,NE,13,0,29.78,0.0,Mostly Cloudy
5:30 PM,82,73,74,N,14,0,29.78,0.0,Mostly Cloudy
6:00 PM,79,73,83,N,9,0,29.78,0.0,Partly Cloudy
6:30 PM,79,73,83,NNW,5,0,29.81,0.0,Partly Cloudy
7:00 PM,79,73,83,N,7,0,29.84,0.0,Partly Cloudy
7:30 PM,79,73,83,N,9,0,29.87,0.0,Partly Cloudy
8:00 PM,77,75,94,N,6,0,29.87,0.0,Partly Cloudy
8:30 PM,77,75,94,NNW,5,0,29.90,0.0,Partly Cloudy
9:00 PM,77,75,94,NNW,5,0,29.90,0.0,Mostly Cloudy
9:30 PM,75,75,100,NNW,5,0,29.90,0.0,Mostly Cloudy
10:00 PM,77,75,94,NNW,3,0,29.90,0.0,Mostly Cloudy
10:30 PM,77,75,94,NNW,6,0,29.90,0.0,Mostly Cloudy
11:00 PM,77,75,94,NNW,3,0,29.90,0.0,Mostly Cloudy
11:30 PM,77,75,94,NNW,5,0,29.90,0.0,Mostly Cloudy
12:00 AM,77,75,94,NNW,6,0,29.90,0.0,Mostly Cloudy
12:30 AM,77,75,94,NNW,6,0,29.90,0.0,Mostly Cloudy
1:00 AM,77,75,94,NNW,5,0,29.90,0.0,Mostly Cloudy
1:30 AM,75,75,100,NNW,5,0,29.87,0.0,Mostly Cloudy
2:00 AM,75,75,100,NW,3,0,29.87,0.0,Mostly Cloudy
2:30 AM,75,75,100,NW,3,0,29.84,0.0,Mostly Cloudy
3:00 AM,75,73,94,VAR,6,0,29.84,0.0,Cloudy
3:30 AM,73,73,100,WNW,8,0,29.84,0.0,Cloudy
4:00 AM,73,73,100,WNW,7,0,29.81,0.0,Cloudy
4:30 AM,73,73,100,W,6,0,29.81,0.0,Cloudy
5:00 AM,73,73,100,W,9,0,29.81,0.0,Cloudy
5:30 AM,73,73,100,WNW,3,0,29.84,0.0,Cloudy
6:00 AM,73,73,100,W,3,0,29.84,0.0,Cloudy
6:30 AM,73,73,100,VAR,2,0,29.84,0.0,Cloudy
7:00 AM,73,73,100,W,3,0,29.84,0.0,Cloudy
7:30 AM,73,73,100,NW,5,0,29.87,0.0,Cloudy
8:00 AM,73,73,100,VAR,3,0,29.87,0.0,Cloudy
8:30 AM,73,73,100,VAR,2,0,29.90,0.0,Cloudy
9:00 AM,73,73,100,VAR,2,0,29.90,0.0,Cloudy
9:30 AM,73,73,100,WNW,5,0,29.90,0.0,Cloudy
10:00 AM,73,73,100,NW,5,0,29.90,0.0,Cloudy
10:30 AM,73,73,100,N,6,0,29.93,0.0,Cloudy
11:00 AM,73,73,100,NW,5,0,29.90,0.0,Cloudy
11:30 AM,75,75,100,VAR,2,0,29.90,0.0,Cloudy
12:00 PM,75,75,100,NNW,5,0,29.90,0.0,Cloudy
12:30 PM,73,73,100,NW,3,0,29.90,0.0,Cloudy
1:00 PM,73,73,100,VAR,3,0,29.90,0.0,Cloudy
1:30 PM,75,75,100,N,9,0,29.90,0.0,Cloudy
2:00 PM,73,73,100,N,5,0,29.87,0.0,Cloudy
2:30 PM,73,73,100,N,9,0,29.84,0.0,Cloudy
3:00 PM,75,75,100,N,6,0,29.81,0.0,Cloudy
3:30 PM,75,75,100,NNE,9,0,29.81,0.0,Cloudy
4:00 PM,75,75,100,NNE,13,0,29.81,0.0,Cloudy
4:30 PM,75,75,100,N,6,0,29.78,0.0,Cloudy
5:00 PM,75,75,100,N,7,0,29.78,0.0,Cloudy
5:30 PM,75,75,100,N,7,0,29.81,0.0,Cloudy
6:00 PM,77,75,94,NNE,10,0,29.81,0.0,Cloudy
6:30 PM,77,75,94,NNE,9,0,29.81,0.0,Mostly Cloudy
7:00 PM,77,75,94,NNE,6,0,29.81,0.0,Mostly Cloudy
7:30 PM,75,75,100,N,6,0,29.84,0.0,Mostly Cloudy
8:00 PM,75,75,100,N,6,0,29.84,0.0,Mostly Cloudy
8:30 PM,77,75,94,N,8,0,29.87,0.0,Mostly Cloudy
9:00 PM,77,75,94,N,5,0,29.87,0.0,Partly Cloudy
9:30 PM,75,73,94,N,6,0,29.90,0.0,Partly Cloudy
10:00 PM,75,73,94,VAR,2,0,29.90,0.0,Partly Cloudy
10:30 PM,75,75,100,VAR,2,0,29.93,0.0,Partly Cloudy
11:00 PM,75,75,100,NW,3,0,29.90,0.0,Partly Cloudy
11:30 PM,75,75,100,WNW,3,0,29.90,0.0,Partly Cloudy
12:00 AM,75,75,100,NNW,5,0,29.90,0.0,Mostly Cloudy
12:30 AM,75,75,100,NNW,5,0,29.90,0.0,Partly Cloudy
1:00 AM,75,75,100,NW,5,0,29.90,0.0,Partly Cloudy
1:30 AM,77,75,94,WNW,5,0,29.87,0.0,Partly Cloudy
2:00 AM,77,75,94,NW,5,0,29.87,0.0,Mostly Cloudy
2:30 AM,77,75,94,NW,5,0,29.87,0.0,Mostly Cloudy
3:00 AM,77,75,94,NNW,3,0,29.84,0.0,Mostly Cloudy
3:30 AM,75,75,100,N,3,0,29.84,0.0,Mostly Cloudy
4:00 AM,75,75,100,NNW,3,0,29.84,0.0,Partly Cloudy
4:30 AM,75,75,100,NW,3,0,29.84,0.0,Partly Cloudy
5:00 AM,75,75,100,VAR,2,0,29.84,0.0,Mostly Cloudy
5:30 AM,75,75,100,VAR,2,0,29.84,0.0,Mostly Cloudy
6:00 AM,75,75,100,VAR,1,0,29.84,0.0,Mostly Cloudy
6:30 AM,75,75,100,W,3,0,29.84,0.0,Mostly Cloudy
7:00 AM,75,75,100,VAR,3,0,29.84,0.0,Mostly Cloudy
7:30 AM,75,75,100,WNW,3,0,29.84,0.0,Mostly Cloudy
8:00 AM,75,75,100,WNW,5,0,29.87,0.0,Cloudy
8:30 AM,75,75,100,VAR,3,0,29.87,0.0,Mostly Cloudy
9:00 AM,77,75,94,W,3,0,29.90,0.0,Mostly Cloudy
9:30 AM,77,75,94,WNW,5,0,29.90,0.0,Mostly Cloudy
10:00 AM,77,75,94,VAR,2,0,29.90,0.0,Mostly Cloudy
10:30 AM,77,75,94,VAR,1,0,29.90,0.0,Mostly Cloudy
11:00 AM,77,75,94,VAR,1,0,29.90,0.0,Mostly Cloudy
11:30 AM,77,75,94,VAR,1,0,29.90,0.0,Mostly Cloudy
12:00 PM,77,75,94,VAR,2,0,29.90,0.0,Mostly Cloudy
12:30 PM,77,75,94,VAR,2,0,29.87,0.0,Mostly Cloudy
1:00 PM,77,75,94,VAR,2,0,29.87,0.0,Mostly Cloudy
1:30 PM,77,75,94,VAR,2,0,29.87,0.0,Mostly Cloudy
2:00 PM,77,77,100,VAR,2,0,29.84,0.0,Mostly Cloudy
2:30 PM,77,77,100,VAR,2,0,29.84,0.0,Mostly Cloudy
3:00 PM,77,77,100,VAR,2,0,29.84,0.0,Mostly Cloudy
3:30 PM,77,75,94,NE,8,0,29.84,0.0,Mostly Cloudy
4:00 PM,75,75,100,N,6,0,29.81,0.0,Cloudy
4:30 PM,75,75,100,VAR,5,0,29.81,0.0,Cloudy
5:00 PM,75,73,94,N,5,0,29.81,0.0,Cloudy
5:30 PM,75,75,100,NNW,3,0,29.81,0.0,Cloudy
6:00 PM,75,75,100,N,8,0,29.81,0.0,Cloudy
6:30 PM,75,75,100,N,7,0,29.84,0.0,Cloudy
7:00 PM,75,75,100,N,5,0,29.84,0.0,Cloudy
7:30 PM,75,75,100,N,5,0,29.87,0.0,Cloudy
8:00 PM,75,75,100,VAR,2,0,29.87,0.0,Cloudy
8:30 PM,75,75,100,VAR,2,0,29.90,0.0,Cloudy
9:00 PM,75,75,100,N,6,0,29.90,0.0,Mostly Cloudy
9:30 PM,75,75,100,N,3,0,29.90,0.0,Mostly Cloudy
10:00 PM,75,75,100,VAR,3,0,29.90,0.0,Mostly Cloudy
10:30 PM,75,75,100,NW,5,0,29.90,0.0,Mostly Cloudy
11:00 PM,75,75,100,NW,3,0,29.90,0.0,Mostly Cloudy
11:30 PM,75,75,100,NNW,3,0,29.90,0.0,Mostly Cloudy
12:00 AM,75,75,100,VAR,2,0,29.90,0.0,Cloudy
12:30 AM,75,75,100,VAR,2,0,29.90,0.0,Cloudy
1:00 AM,75,75,100,VAR,1,0,29.90,0.0,Mostly Cloudy
1:30 AM,75,75,100,VAR,2,0,29.87,0.0,Mostly Cloudy
2:00 AM,75,75,100,VAR,2,0,29.87,0.0,Mostly Cloudy
2:30 AM,75,75,100,VAR,2,0,29.87,0.0,Mostly Cloudy
3:00 AM,75,75,100,VAR,2,0,29.84,0.0,Partly Cloudy
3:30 AM,75,75,100,VAR,2,0,29.84,0.0,Partly Cloudy
4:00 AM,75,75,100,VAR,2,0,29.84,0.0,Mostly Cloudy
4:30 AM,77,75,94,VAR,3,0,29.84,0.0,Mostly Cloudy
5:00 AM,77,75,94,NNW,3,0,29.84,0.0,Partly Cloudy
5:30 AM,77,75,94,N,3,0,29.84,0.0,Mostly Cloudy
6:00 AM,75,75,100,NNE,5,0,29.84,0.0,Mostly Cloudy
6:30 AM,75,75,100,NNW,5,0,29.84,0.0,Mostly Cloudy
7:00 AM,75,75,100,NNW,5,0,29.87,0.0,Partly Cloudy
7:30 AM,75,75,100,NNW,3,0,29.87,0.0,Partly Cloudy
8:00 AM,77,75,94,NW,3,0,29.87,0.0,Mostly Cloudy
8:30 AM,79,77,94,NNW,3,0,29.90,0.0,Partly Cloudy
9:00 AM,79,77,94,VAR,5,0,29.90,0.0,Partly Cloudy
9:30 AM,81,77,89,NNW,6,0,29.90,0.0,Partly Cloudy
10:00 AM,82,77,84,N,7,0,29.93,0.0,Mostly Cloudy
10:30 AM,82,77,84,N,6,0,29.93,0.0,Mostly Cloudy
11:00 AM,84,77,79,NE,8,0,29.93,0.0,Mostly Cloudy
11:30 AM,84,75,74,NNE,7,0,29.90,0.0,Mostly Cloudy
12:00 PM,86,75,70,NE,10,0,29.90,0.0,Mostly Cloudy
12:30 PM,86,77,74,NE,9,0,29.90,0.0,Mostly Cloudy
1:00 PM,86,73,66,NE,12,0,29.90,0.0,Mostly Cloudy
1:30 PM,86,75,70,NE,12,0,29.90,0.0,Mostly Cloudy
2:00 PM,86,75,70,NE,12,0,29.87,0.0,Mostly Cloudy
2:30 PM,88,75,66,NE,12,0,29.87,0.0,Mostly Cloudy
3:00 PM,88,75,66,NE,12,0,29.84,0.0,Mostly Cloudy
3:30 PM,88,77,70,ENE,13,0,29.81,0.0,Partly Cloudy
4:00 PM,88,75,66,NE,12,0,29.81,0.0,Mostly Cloudy
4:30 PM,88,75,66,NE,12,0,29.81,0.0,Mostly Cloudy
5:00 PM,86,75,70,NE,9,0,29.81,0.0,Mostly Cloudy
5:30 PM,86,75,70,NNE,9,0,29.81,0.0,Mostly Cloudy
6:00 PM,84,75,74,NE,10,0,29.81,0.0,Mostly Cloudy
6:30 PM,84,75,74,NE,8,0,29.81,0.0,Mostly Cloudy
7:00 PM,82,75,79,NE,9,0,29.84,0.0,Mostly Cloudy
7:30 PM,82,75,79,NNE,6,0,29.84,0.0,Partly Cloudy
8:00 PM,81,75,84,NNE,5,0,29.84,0.0,Mostly Cloudy
8:30 PM,81,77,89,N,5,0,29.87,0.0,Mostly Cloudy
9:00 PM,81,75,84,N,6,0,29.87,0.0,Mostly Cloudy
9:30 PM,81,75,84,N,7,0,29.90,0.0,Mostly Cloudy
10:00 PM,81,75,84,NNE,6,0,29.93,0.0,Mostly Cloudy
10:30 PM,79,75,89,NNE,7,0,29.90,0.0,Mostly Cloudy
11:00 PM,79,75,89,NNE,7,0,29.90,0.0,Mostly Cloudy
11:30 PM,79,75,89,N,3,0,29.90,0.0,Mostly Cloudy
12:00 AM,79,75,89,N,5,0,29.93,0.0,Mostly Cloudy
12:30 AM,79,75,89,N,5,0,29.90,0.0,Mostly Cloudy
1:00 AM,79,75,89,N,5,0,29.90,0.0,Partly Cloudy
1:30 AM,79,75,89,NNE,6,0,29.90,0.0,Partly Cloudy
2:00 AM,77,75,94,NNE,7,0,29.90,0.0,Partly Cloudy
2:30 AM,77,75,94,NNE,8,0,29.87,0.0,Partly Cloudy
3:00 AM,77,75,94,NNE,8,0,29.87,0.0,Partly Cloudy
3:30 AM,77,75,94,N,6,0,29.87,0.0,Mostly Cloudy
4:00 AM,77,75,94,N,5,0,29.87,0.0,Mostly Cloudy
4:30 AM,77,73,89,VAR,3,0,29.87,0.0,Mostly Cloudy
5:00 AM,77,75,94,NNE,6,0,29.87,0.0,Partly Cloudy
5:30 AM,75,75,100,NE,9,0,29.87,0.0,Partly Cloudy
6:00 AM,75,75,100,NE,8,0,29.87,0.0,Mostly Cloudy
6:30 AM,75,75,100,NNE,6,0,29.87,0.0,Mostly Cloudy
7:00 AM,75,75,100,NNE,6,0,29.90,0.0,Mostly Cloudy
7:30 AM,75,75,100,NNE,5,0,29.90,0.0,Mostly Cloudy
8:00 AM,75,73,94,VAR,5,0,29.90,0.0,Mostly Cloudy
8:30 AM,75,73,94,NNE,6,0,29.93,0.0,Mostly Cloudy
9:00 AM,75,75,100,NNE,8,0,29.93,0.0,Mostly Cloudy
9:30 AM,75,75,100,NNE,10,0,29.93,0.0,Cloudy
10:00 AM,75,75,100,NE,12,0,29.96,0.0,Mostly Cloudy
10:30 AM,77,75,94,NNE,9,0,29.93,0.0,Mostly Cloudy
11:00 AM,77,75,94,NNE,7,0,29.93,0.0,Mostly Cloudy
11:30 AM,79,75,89,NE,7,0,29.93,0.0,Mostly Cloudy
12:00 PM,79,77,94,NE,8,0,29.93,0.0,Mostly Cloudy
12:30 PM,79,75,89,NNE,9,0,29.93,0.0,Mostly Cloudy
1:00 PM,81,75,84,NE,9,0,29.90,0.0,Mostly Cloudy
1:30 PM,81,75,84,NNE,8,0,29.90,0.0,Mostly Cloudy
2:00 PM,81,75,84,VAR,7,0,29.87,0.0,Mostly Cloudy
2:30 PM,82,75,79,NNE,8,0,29.87,0.0,Mostly Cloudy
3:00 PM,82,75,79,NNE,8,0,29.84,0.0,Mostly Cloudy
3:30 PM,82,77,84,NNE,9,0,29.84,0.0,Mostly Cloudy
4:00 PM,82,77,84,NNE,7,0,29.84,0.0,Mostly Cloudy
4:30 PM,82,77,84,NNE,7,0,29.81,0.0,Mostly Cloudy
5:00 PM,82,75,79,NNE,7,0,29.81,0.0,Mostly Cloudy
5:30 PM,82,75,79,NNE,6,0,29.81,0.0,Mostly Cloudy
6:00 PM,82,77,84,NNE,7,0,29.81,0.0,Mostly Cloudy
6:30 PM,81,77,89,NNE,5,0,29.81,0.0,Mostly Cloudy
7:00 PM,81,77,89,N,3,0,29.81,0.0,Mostly Cloudy
7:30 PM,81,77,89,N,5,0,29.81,0.0,Partly Cloudy
8:00 PM,81,77,89,N,3,0,29.84,0.0,Mostly Cloudy
8:30 PM,79,77,94,N,3,0,29.84,0.0,Partly Cloudy
9:00 PM,79,77,94,VAR,2,0,29.87,0.0,Mostly Cloudy
9:30 PM,79,77,94,N,3,0,29.87,0.0,Mostly Cloudy
10:00 PM,79,77,94,N,3,0,29.90,0.0,Partly Cloudy
10:30 PM,79,77,94,VAR,2,0,29.90,0.0,Partly Cloudy
11:00 PM,79,77,94,N,5,0,29.90,0.0,Partly Cloudy
11:30 PM,79,77,94,VAR,2,0,29.90,0.0,Partly Cloudy
12:00 AM,79,77,94,N,3,0,29.90,0.0,Partly Cloudy
12:30 AM,79,77,94,N,3,0,29.90,0.0,Partly Cloudy
1:00 AM,79,77,94,N,3,0,29.90,0.0,Mostly Cloudy
1:30 AM,79,77,94,N,3,0,29.87,0.0,Mostly Cloudy
2:00 AM,79,77,94,VAR,3,0,29.87,0.0,Mostly Cloudy
2:30 AM,79,77,94,NNE,3,0,29.84,0.0,Mostly Cloudy
3:00 AM,77,77,100,VAR,2,0,29.84,0.0,Mostly Cloudy
3:30 AM,77,77,100,VAR,2,0,29.84,0.0,Mostly Cloudy
4:00 AM,77,77,100,VAR,2,0,29.84,0.0,Mostly Cloudy
4:30 AM,77,77,100,VAR,2,0,29.84,0.0,Mostly Cloudy
5:00 AM,77,77,100,N,3,0,29.84,0.0,Mostly Cloudy
5:30 AM,77,75,94,N,3,0,29.84,0.0,Mostly Cloudy
6:00 AM,77,75,94,N,3,0,29.84,0.0,Mostly Cloudy
6:30 AM,77,75,94,NNW,3,0,29.84,0.0,Mostly Cloudy
7:00 AM,77,75,94,N,3,0,29.84,0.0,Mostly Cloudy
7:30 AM,77,75,94,VAR,2,0,29.87,0.0,Mostly Cloudy
8:00 AM,77,75,94,VAR,2,0,29.87,0.0,Mostly Cloudy
8:30 AM,77,75,94,VAR,2,0,29.90,0.0,Partly Cloudy
9:00 AM,79,75,89,N,3,0,29.90,0.0,Partly Cloudy
9:30 AM,79,75,89,N,3,0,29.90,0.0,Partly Cloudy
10:00 AM,81,77,89,N,3,0,29.90,0.0,Partly Cloudy
10:30 AM,81,77,89,NNE,3,0,29.90,0.0,Partly Cloudy
11:00 AM,82,77,84,NE,6,0,29.90,0.0,Partly Cloudy
11:30 AM,82,77,84,NE,7,0,29.90,0.0,Partly Cloudy
12:00 PM,84,77,79,NE,8,0,29.90,0.0,Partly Cloudy
12:30 PM,84,75,74,NE,8,0,29.90,0.0,Partly Cloudy
1:00 PM,84,75,74,NE,9,0,29.87,0.0,Partly Cloudy
1:30 PM,86,75,70,NE,9,0,29.87,0.0,Partly Cloudy
2:00 PM,86,77,74,NNE,7,0,29.87,0.0,Partly Cloudy
2:30 PM,86,75,70,NE,12,0,29.84,0.0,Mostly Cloudy
3:00 PM,86,75,70,NE,12,0,29.84,0.0,Mostly Cloudy
3:30 PM,86,75,70,NNE,13,0,29.81,0.0,Mostly Cloudy
4:00 PM,86,75,70,NE,14,0,29.81,0.0,Mostly Cloudy
4:30 PM,86,73,66,NNE,13,0,29.81,0.0,Mostly Cloudy
5:00 PM,86,73,66,NE,12,0,29.78,0.0,Mostly Cloudy
5:30 PM,84,73,70,NE,12,0,29.78,0.0,Mostly Cloudy
6:00 PM,84,73,70,NE,10,0,29.78,0.0,Mostly Cloudy
6:30 PM,82,75,79,NE,9,0,29.81,0.0,Mostly Cloudy
7:00 PM,82,75,79,NE,10,0,29.81,0.0,Mostly Cloudy
7:30 PM,81,75,84,NE,8,0,29.81,0.0,Mostly Cloudy
8:00 PM,81,75,84,NNE,8,0,29.84,0.0,Mostly Cloudy
8:30 PM,81,75,84,NNE,7,0,29.84,0.0,Mostly Cloudy
9:00 PM,81,75,84,NNE,6,0,29.84,0.0,Mostly Cloudy
9:30 PM,81,75,84,N,6,0,29.87,0.0,Mostly Cloudy
10:00 PM,81,75,84,N,5,0,29.87,0.0,Mostly Cloudy
10:30 PM,79,75,89,N,5,0,29.90,0.0,Mostly Cloudy
11:00 PM,79,75,89,N,6,0,29.90,0.0,Mostly Cloudy
11:30 PM,79,75,89,VAR,3,0,29.90,0.0,Mostly Cloudy
12:00 AM,79,75,89,N,3,0,29.90,0.0,Mostly Cloudy
12:30 AM,79,75,89,N,3,0,29.90,0.0,Mostly Cloudy
1:00 AM,79,75,89,N,3,0,29.90,0.0,Mostly Cloudy
1:30 AM,79,75,89,N,5,0,29.90,0.0,Mostly Cloudy
2:00 AM,79,75,89,N,5,0,29.87,0.0,Mostly Cloudy
2:30 AM,79,75,89,N,3,0,29.87,0.0,Mostly Cloudy
3:00 AM,79,75,89,N,3,0,29.87,0.0,Mostly Cloudy
3:30 AM,79,75,89,N,5,0,29.84,0.0,Mostly Cloudy
4:00 AM,77,75,94,N,3,0,29.84,0.0,Mostly Cloudy
4:30 AM,79,75,89,N,5,0,29.84,0.0,Mostly Cloudy
5:00 AM,77,75,94,VAR,3,0,29.84,0.0,Mostly Cloudy
5:30 AM,77,75,94,N,3,0,29.84,0.0,Mostly Cloudy
6:00 AM,79,75,89,NNE,3,0,29.84,0.0,Mostly Cloudy
6:30 AM,79,75,89,NNE,3,0,29.84,0.0,Mostly Cloudy
7:00 AM,79,75,89,NNE,5,0,29.87,0.0,Mostly Cloudy
7:30 AM,79,75,89,N,3,0,29.87,0.0,Mostly Cloudy
8:00 AM,79,77,94,N,3,0,29.87,0.0,Mostly Cloudy
8:30 AM,81,77,89,N,3,0,29.90,0.0,Mostly Cloudy
9:00 AM,82,77,84,N,5,0,29.90,0.0,Mostly Cloudy
9:30 AM,82,77,84,N,5,0,29.93,0.0,Mostly Cloudy
10:00 AM,84,75,74,NE,6,0,29.93,0.0,Mostly Cloudy
10:30 AM,84,77,79,NE,7,0,29.93,0.0,Mostly Cloudy
11:00 AM,86,77,74,NE,9,0,29.93,0.0,Mostly Cloudy
11:30 AM,86,77,74,NNE,8,0,29.93,0.0,Mostly Cloudy
12:00 PM,86,75,70,NE,9,0,29.90,0.0,Mostly Cloudy
12:30 PM,86,75,70,NE,10,0,29.90,0.0,Mostly Cloudy
1:00 PM,84,75,74,NE,10,0,29.90,0.0,Partly Cloudy
1:30 PM,86,77,74,NE,10,0,29.87,0.0,Partly Cloudy
2:00 PM,86,75,70,NE,9,0,29.84,0.0,Mostly Cloudy
2:30 PM,86,75,70,NE,12,0,29.84,0.0,Mostly Cloudy
3:00 PM,86,75,70,ENE,13,0,29.84,0.0,Partly Cloudy
3:30 PM,84,75,74,ENE,14,0,29.81,0.0,Partly Cloudy
4:00 PM,84,75,74,NE,14,0,29.81,0.0,Partly Cloudy
4:30 PM,84,75,74,NE,13,0,29.81,0.0,Partly Cloudy
5:00 PM,84,75,74,NE,14,0,29.81,0.0,Partly Cloudy
5:30 PM,82,75,79,NE,14,0,29.81,0.0,Partly Cloudy
6:00 PM,82,73,74,NE,12,0,29.81,0.0,Partly Cloudy
6:30 PM,82,73,74,NE,12,0,29.81,0.0,Partly Cloudy
7:00 PM,81,75,84,NNE,9,0,29.81,0.0,Partly Cloudy
7:30 PM,81,75,84,NE,10,0,29.81,0.0,Partly Cloudy
8:00 PM,81,75,84,NE,9,0,29.81,0.0,Mostly Cloudy
8:30 PM,81,75,84,NE,10,0,29.81,0.0,Mostly Cloudy
9:00 PM,81,75,84,NE,7,0,29.84,0.0,Mostly Cloudy
9:30 PM,81,75,84,NNE,7,0,29.84,0.0,Mostly Cloudy
10:00 PM,81,75,84,NE,7,0,29.87,0.0,Mostly Cloudy
10:30 PM,81,75,84,NNE,6,0,29.87,0.0,Mostly Cloudy
11:00 PM,79,75,89,NNE,5,0,29.90,0.0,Mostly Cloudy
11:30 PM,79,75,89,VAR,2,0,29.90,0.0,Mostly Cloudy
12:00 AM,79,75,89,VAR,2,0,29.90,0.0,Mostly Cloudy
12:30 AM,79,75,89,NW,3,0,29.90,0.0,Mostly Cloudy
1:00 AM,79,75,89,VAR,2,0,29.90,0.0,Mostly Cloudy
1:30 AM,79,75,89,N,3,0,29.87,0.0,Mostly Cloudy
2:00 AM,79,75,89,NNE,5,0,29.87,0.0,Mostly Cloudy
2:30 AM,79,75,89,NNE,6,0,29.84,0.0,Mostly Cloudy
3:00 AM,79,75,89,NNE,6,0,29.84,0.0,Mostly Cloudy
3:30 AM,79,75,89,N,6,0,29.84,0.0,Mostly Cloudy
4:00 AM,77,75,94,VAR,5,0,29.84,0.0,Mostly Cloudy
4:30 AM,77,75,94,N,3,0,29.81,0.0,Mostly Cloudy
5:00 AM,77,75,94,VAR,2,0,29.84,0.0,Mostly Cloudy
5:30 AM,77,75,94,NNW,3,0,29.81,0.0,Mostly Cloudy
6:00 AM,77,75,94,VAR,2,0,29.84,0.0,Mostly Cloudy
6:30 AM,77,75,94,NW,3,0,29.84,0.0,Mostly Cloudy
7:00 AM,77,75,94,VAR,1,0,29.84,0.0,Mostly Cloudy
7:30 AM,75,75,100,VAR,2,0,29.84,0.0,Mostly Cloudy
8:00 AM,77,75,94,VAR,2,0,29.87,0.0,Mostly Cloudy
8:30 AM,79,75,89,NNE,6,0,29.87,0.0,Mostly Cloudy
9:00 AM,81,75,84,NNE,5,0,29.87,0.0,Mostly Cloudy
9:30 AM,82,75,79,NNE,8,0,29.90,0.0,Mostly Cloudy
10:00 AM,82,75,79,NNE,8,0,29.90,0.0,Mostly Cloudy
10:30 AM,82,75,79,NNE,7,0,29.90,0.0,Mostly Cloudy
11:00 AM,82,75,79,NNE,8,0,29.90,0.0,Mostly Cloudy
11:30 AM,84,75,74,NNE,7,0,29.87,0.0,Mostly Cloudy
12:00 PM,84,73,70,NNE,9,0,29.87,0.0,Mostly Cloudy
12:30 PM,84,73,70,NE,10,0,29.87,0.0,Mostly Cloudy
1:00 PM,86,73,66,NE,10,0,29.87,0.0,Mostly Cloudy
1:30 PM,86,73,66,NNE,9,0,29.84,0.0,Mostly Cloudy
2:00 PM,86,73,66,NE,10,0,29.84,0.0,Mostly Cloudy
2:30 PM,86,73,66,NE,13,0,29.81,0.0,Mostly Cloudy
3:00 PM,86,73,66,NE,12,0,29.81,0.0,Mostly Cloudy
3:30 PM,88,73,62,NE,13,0,29.81,0.0,Mostly Cloudy
4:00 PM,86,73,66,NE,13,0,29.78,0.0,Mostly Cloudy
4:30 PM,86,72,62,NE,13,0,29.78,0.0,Mostly Cloudy
5:00 PM,86,72,62,NE,13,0,29.78,0.0,Mostly Cloudy
5:30 PM,84,72,66,NE,10,0,29.78,0.0,Mostly Cloudy
6:00 PM,84,72,66,NE,13,0,29.78,0.0,Mostly Cloudy
6:30 PM,82,72,70,NNE,10,0,29.78,0.0,Mostly Cloudy
7:00 PM,82,73,74,NE,10,0,29.81,0.0,Mostly Cloudy
7:30 PM,81,73,79,NNE,9,0,29.84,0.0,Mostly Cloudy
8:00 PM,81,73,79,NNE,9,0,29.84,0.0,Mostly Cloudy
8:30 PM,81,73,79,NNE,9,0,29.84,0.0,Mostly Cloudy
9:00 PM,81,73,79,NE,9,0,29.84,0.0,Mostly Cloudy
9:30 PM,81,73,79,NNE,9,0,29.87,0.0,Mostly Cloudy
10:00 PM,81,75,84,NE,7,0,29.90,0.0,Mostly Cloudy
10:30 PM,79,75,89,NE,7,0,29.90,0.0,Mostly Cloudy
11:00 PM,79,75,89,NE,8,0,29.90,0.0,Mostly Cloudy
11:30 PM,79,75,89,NE,7,0,29.90,0.0,Mostly Cloudy
12:00 AM,79,73,83,NE,8,0,29.90,0.0,Mostly Cloudy
12:30 AM,79,75,89,NNE,6,0,29.90,0.0,Mostly Cloudy
1:00 AM,79,73,83,NNE,7,0,29.87,0.0,Mostly Cloudy
1:30 AM,79,73,83,NNE,7,0,29.90,0.0,Mostly Cloudy
2:00 AM,79,73,83,NNE,6,0,29.87,0.0,Mostly Cloudy
2:30 AM,79,73,83,N,5,0,29.87,0.0,Mostly Cloudy
3:00 AM,79,73,83,N,5,0,29.87,0.0,Mostly Cloudy
3:30 AM,79,73,83,N,3,0,29.87,0.0,Mostly Cloudy
4:00 AM,79,73,83,NNE,3,0,29.84,0.0,Mostly Cloudy
4:30 AM,79,73,83,NNE,6,0,29.84,0.0,Mostly Cloudy
5:00 AM,79,73,83,NNE,6,0,29.84,0.0,Mostly Cloudy
5:30 AM,79,73,83,NNE,6,0,29.84,0.0,Mostly Cloudy
6:00 AM,79,73,83,N,5,0,29.87,0.0,Mostly Cloudy
6:30 AM,79,73,83,N,5,0,29.87,0.0,Mostly Cloudy
7:00 AM,77,73,89,N,3,0,29.87,0.0,Mostly Cloudy
7:30 AM,77,73,89,N,6,0,29.87,0.0,Mostly Cloudy
8:00 AM,77,73,89,N,3,0,29.90,0.0,Mostly Cloudy
8:30 AM,77,73,89,VAR,3,0,29.90,0.0,Mostly Cloudy
9:00 AM,79,73,83,NNE,5,0,29.93,0.0,Mostly Cloudy
9:30 AM,79,73,83,N,5,0,29.93,0.0,Mostly Cloudy
10:00 AM,81,75,84,NNE,7,0,29.93,0.0,Mostly Cloudy
10:30 AM,84,75,74,NE,7,0,29.93,0.0,Mostly Cloudy
11:00 AM,82,75,79,NE,9,0,29.90,0.0,Mostly Cloudy
11:30 AM,86,73,66,NNE,9,0,29.90,0.0,Mostly Cloudy
12:00 PM,86,73,66,NNE,8,0,29.90,0.0,Mostly Cloudy
12:30 PM,86,72,62,NNE,10,0,29.90,0.0,Mostly Cloudy
1:00 PM,86,73,66,NE,13,0,29.87,0.0,Mostly Cloudy
1:30 PM,88,73,62,NNE,10,0,29.87,0.0,Mostly Cloudy
2:00 PM,86,72,62,NE,14,0,29.84,0.0,Mostly Cloudy
2:30 PM,86,72,62,NNE,12,0,29.84,0.0,Mostly Cloudy
3:00 PM,86,72,62,NE,10,0,29.81,0.0,Mostly Cloudy
3:30 PM,86,72,62,NE,9,0,29.81,0.0,Mostly Cloudy
4:00 PM,86,72,62,NE,10,0,29.81,0.0,Mostly Cloudy
4:30 PM,86,72,62,NE,10,0,29.81,0.0,Mostly Cloudy
5:00 PM,84,72,66,NNE,9,0,29.81,0.0,Mostly Cloudy
5:30 PM,86,72,62,VAR,10,0,29.81,0.0,Mostly Cloudy
6:00 PM,84,70,62,NE,9,0,29.81,0.0,Mostly Cloudy
6:30 PM,84,70,62,NE,10,0,29.81,0.0,Mostly Cloudy
7:00 PM,82,72,70,NE,10,0,29.84,0.0,Mostly Cloudy
7:30 PM,81,72,74,NE,10,0,29.84,0.0,Mostly Cloudy
8:00 PM,81,72,74,NE,12,0,29.84,0.0,Mostly Cloudy
8:30 PM,79,72,78,NE,9,0,29.84,0.0,Fair
9:00 PM,79,73,83,NE,7,0,29.87,0.0,Fair
9:30 PM,79,73,83,NNE,6,0,29.87,0.0,Fair
10:00 PM,79,73,83,NNE,5,0,29.90,0.0,Fair
10:30 PM,79,73,83,NNE,6,0,29.90,0.0,Fair
11:00 PM,79,73,83,NNE,5,0,29.90,0.0,Fair
11:30 PM,79,73,83,NNE,3,0,29.90,0.0,Fair
12:00 AM,79,73,83,VAR,2,0,29.90,0.0,Fair
12:30 AM,77,73,89,VAR,2,0,29.90,0.0,Fair
1:00 AM,77,73,89,VAR,2,0,29.90,0.0,Fair
1:30 AM,77,73,89,N,3,0,29.90,0.0,Mostly Cloudy
2:00 AM,77,73,89,VAR,2,0,29.87,0.0,Fair
2:30 AM,77,73,89,VAR,2,0,29.87,0.0,Fair
3:00 AM,77,73,89,N,3,0,29.87,0.0,Fair
3:30 AM,77,73,89,VAR,3,0,29.87,0.0,Fair
4:00 AM,77,73,89,N,3,0,29.84,0.0,Fair
4:30 AM,77,73,89,VAR,2,0,29.87,0.0,Mostly Cloudy
5:00 AM,77,73,89,VAR,2,0,29.87,0.0,Mostly Cloudy
5:30 AM,77,73,89,VAR,2,0,29.87,0.0,Mostly Cloudy
6:00 AM,77,73,89,N,3,0,29.87,0.0,Mostly Cloudy
6:30 AM,77,73,89,VAR,3,0,29.87,0.0,Mostly Cloudy
7:00 AM,77,73,89,N,3,0,29.87,0.0,Mostly Cloudy
7:30 AM,77,73,89,VAR,2,0,29.90,0.0,Mostly Cloudy
8:00 AM,77,73,89,VAR,3,0,29.90,0.0,Mostly Cloudy
8:30 AM,79,73,83,VAR,2,0,29.90,0.0,Mostly Cloudy
9:00 AM,81,73,79,NNE,6,0,29.90,0.0,Mostly Cloudy
9:30 AM,82,75,79,NE,8,0,29.93,0.0,Mostly Cloudy
10:00 AM,82,75,79,NE,9,0,29.93,0.0,Mostly Cloudy
10:30 AM,84,75,74,NNE,9,0,29.90,0.0,Mostly Cloudy
11:00 AM,84,73,70,NNE,10,0,29.90,0.0,Mostly Cloudy
11:30 AM,84,73,70,NNE,10,0,29.90,0.0,Mostly Cloudy
12:00 PM,86,73,66,NE,12,0,29.90,0.0,Mostly Cloudy
12:30 PM,86,73,66,NE,12,0,29.87,0.0,Mostly Cloudy
1:00 PM,88,73,62,NE,12,0,29.87,0.0,Mostly Cloudy
1:30 PM,88,73,62,NE,12,0,29.87,0.0,Mostly Cloudy
2:00 PM,88,73,62,NE,10,0,29.87,0.0,Mostly Cloudy
2:30 PM,88,72,58,NE,12,0,29.84,0.0,Mostly Cloudy
3:00 PM,86,72,62,NE,13,0,29.84,0.0,Mostly Cloudy
3:30 PM,86,72,62,NNE,12,0,29.84,0.0,Mostly Cloudy
4:00 PM,86,72,62,NE,13,0,29.81,0.0,Mostly Cloudy
4:30 PM,86,73,66,NNE,13,0,29.81,0.0,Mostly Cloudy
5:00 PM,86,73,66,NE,14,0,29.81,0.0,Mostly Cloudy
5:30 PM,84,72,66,NE,14,0,29.81,0.0,Mostly Cloudy
6:00 PM,84,72,66,NE,14,0,29.81,0.0,Mostly Cloudy
6:30 PM,82,72,70,NE,12,0,29.84,0.0,Mostly Cloudy
7:00 PM,82,72,70,NE,12,0,29.84,0.0,Mostly Cloudy
7:30 PM,82,72,70,NE,9,0,29.84,0.0,Mostly Cloudy
8:00 PM,81,73,79,NE,10,0,29.84,0.0,Mostly Cloudy
8:30 PM,81,73,79,NE,9,0,29.87,0.0,Mostly Cloudy
9:00 PM,81,73,79,NE,8,0,29.87,0.0,Mostly Cloudy
9:30 PM,81,73,79,NE,7,0,29.90,0.0,Mostly Cloudy
10:00 PM,81,73,79,NE,7,0,29.90,0.0,Mostly Cloudy
10:30 PM,81,73,79,NE,8,0,29.90,0.0,Mostly Cloudy
11:00 PM,79,73,83,NNE,8,0,29.90,0.0,Mostly Cloudy
11:30 PM,79,75,89,NE,6,0,29.90,0.0,Mostly Cloudy
12:00 AM,81,75,84,NE,9,0,29.90,0.0,Mostly Cloudy
12:30 AM,79,75,89,NNE,8,0,29.90,0.0,Mostly Cloudy
1:00 AM,81,75,84,NE,9,0,29.90,0.0,Mostly Cloudy
1:30 AM,81,75,84,NNE,8,0,29.90,0.0,Mostly Cloudy
2:00 AM,79,73,83,NNE,7,0,29.90,0.0,Mostly Cloudy
2:30 AM,79,75,89,NNE,7,0,29.87,0.0,Mostly Cloudy
3:00 AM,79,73,83,NNE,8,0,29.87,0.0,Mostly Cloudy
3:30 AM,79,75,89,NNE,5,0,29.87,0.0,Mostly Cloudy
4:00 AM,79,73,83,NNE,6,0,29.87,0.0,Mostly Cloudy
4:30 AM,79,73,83,N,5,0,29.87,0.0,Mostly Cloudy
5:00 AM,79,73,83,NNE,5,0,29.84,0.0,Mostly Cloudy
5:30 AM,79,73,83,NNE,6,0,29.84,0.0,Mostly Cloudy
6:00 AM,79,73,83,NNE,6,0,29.87,0.0,Mostly Cloudy
6:30 AM,79,73,83,NNE,3,0,29.87,0.0,Mostly Cloudy
7:00 AM,79,73,83,NE,6,0,29.87,0.0,Mostly Cloudy
7:30 AM,79,73,83,NE,6,0,29.87,0.0,Mostly Cloudy
8:00 AM,79,73,83,NE,6,0,29.90,0.0,Mostly Cloudy
8:30 AM,81,75,84,NNE,6,0,29.90,0.0,Mostly Cloudy
9:00 AM,81,75,84,VAR,6,0,29.93,0.0,Mostly Cloudy
9:30 AM,82,75,79,NNE,8,0,29.93,0.0,Mostly Cloudy
10:00 AM,82,75,79,NNE,6,0,29.93,0.0,Mostly Cloudy
10:30 AM,84,75,74,NNE,7,0,29.93,0.0,Mostly Cloudy
11:00 AM,84,75,74,NE,9,0,29.93,0.0,Mostly Cloudy
11:30 AM,86,73,66,NE,10,0,29.90,0.0,Mostly Cloudy
12:00 PM,86,73,66,NNE,10,0,29.90,0.0,Mostly Cloudy
12:30 PM,86,75,70,NE,13,0,29.90,0.0,Mostly Cloudy
1:00 PM,86,73,66,NE,13,0,29.87,0.0,Partly Cloudy
1:30 PM,86,73,66,NE,13,0,29.87,0.0,Mostly Cloudy
2:00 PM,86,73,66,NE,14,0,29.87,0.0,Mostly Cloudy
2:30 PM,86,72,62,NE,12,0,29.84,0.0,Mostly Cloudy
3:00 PM,86,72,62,NE,12,0,29.84,0.0,Mostly Cloudy
3:30 PM,86,72,62,NE,12,0,29.81,0.0,Mostly Cloudy
4:00 PM,86,72,62,NE,13,0,29.81,0.0,Mostly Cloudy
4:30 PM,86,72,62,NE,13,0,29.81,0.0,Mostly Cloudy
5:00 PM,86,73,66,NE,12,0,29.81,0.0,Mostly Cloudy
5:30 PM,84,72,66,NE,12,0,29.81,0.0,Mostly Cloudy
6:00 PM,84,72,66,NNE,9,0,29.81,0.0,Mostly Cloudy
6:30 PM,84,72,66,NE,12,0,29.81,0.0,Mostly Cloudy
7:00 PM,82,72,70,NE,12,0,29.81,0.0,Mostly Cloudy
7:30 PM,82,72,70,NNE,9,0,29.81,0.0,Mostly Cloudy
8:00 PM,81,73,79,NNE,8,0,29.84,0.0,Mostly Cloudy
8:30 PM,81,73,79,NNE,7,0,29.84,0.0,Mostly Cloudy
9:00 PM,81,73,79,NNE,7,0,29.84,0.0,Mostly Cloudy
9:30 PM,79,73,83,VAR,7,0,29.87,0.0,Mostly Cloudy
10:00 PM,79,73,83,NNE,5,0,29.87,0.0,Mostly Cloudy
10:30 PM,79,73,83,N,5,0,29.90,0.0,Mostly Cloudy
11:00 PM,79,73,83,NNE,5,0,29.90,0.0,Mostly Cloudy
11:30 PM,79,73,83,NNE,3,0,29.90,0.0,Mostly Cloudy
12:00 AM,79,73,83,NNE,3,0,29.90,0.0,Mostly Cloudy
12:30 AM,79,73,83,N,3,0,29.90,0.0,Mostly Cloudy
1:00 AM,79,73,83,N,3,0,29.90,0.0,Mostly Cloudy
1:30 AM,79,73,83,NNE,5,0,29.90,0.0,Mostly Cloudy
2:00 AM,79,73,83,N,3,0,29.87,0.0,Mostly Cloudy
2:30 AM,79,73,83,N,5,0,29.87,0.0,Mostly Cloudy
3:00 AM,77,73,89,N,5,0,29.87,0.0,Mostly Cloudy
3:30 AM,77,73,89,N,5,0,29.84,0.0,Mostly Cloudy
4:00 AM,77,73,89,VAR,5,0,29.84,0.0,Mostly Cloudy
4:30 AM,77,73,89,N,5,0,29.84,0.0,Mostly Cloudy
5:00 AM,77,73,89,N,3,0,29.84,0.0,Mostly Cloudy
5:30 AM,77,73,89,N,3,0,29.84,0.0,Mostly Cloudy
6:00 AM,77,73,89,N,3,0,29.84,0.0,Mostly Cloudy
6:30 AM,77,73,89,NNE,6,0,29.84,0.0,Mostly Cloudy
7:00 AM,79,73,83,NNE,7,0,29.84,0.0,Mostly Cloudy
7:30 AM,77,73,89,NE,6,0,29.84,0.0,Mostly Cloudy
8:00 AM,79,75,89,NNE,7,0,29.87,0.0,Mostly Cloudy
8:30 AM,81,75,84,NE,8,0,29.87,0.0,Mostly Cloudy
9:00 AM,81,75,84,NNE,9,0,29.90,0.0,Partly Cloudy
9:30 AM,82,75,79,NE,9,0,29.90,0.0,Partly Cloudy
10:00 AM,82,75,79,NE,9,0,29.90,0.0,Partly Cloudy
10:30 AM,84,73,70,NNE,10,0,29.90,0.0,Partly Cloudy
11:00 AM,86,73,66,NE,12,0,29.90,0.0,Partly Cloudy
11:30 AM,84,73,70,NE,12,0,29.90,0.0,Partly Cloudy
12:00 PM,86,73,66,NE,12,0,29.90,0.0,Partly Cloudy
12:30 PM,88,73,62,NE,12,0,29.90,0.0,Partly Cloudy
1:00 PM,86,73,66,NE,13,0,29.90,0.0,Partly Cloudy
1:30 PM,88,73,62,NE,13,0,29.87,0.0,Partly Cloudy
2:00 PM,88,72,58,NE,13,0,29.87,0.0,Partly Cloudy
2:30 PM,88,73,62,NE,12,0,29.87,0.0,Mostly Cloudy
3:00 PM,88,73,62,NE,14,0,29.84,0.0,Mostly Cloudy
3:30 PM,88,73,62,NE,13,0,29.84,0.0,Mostly Cloudy
4:00 PM,88,73,62,NE,14,0,29.84,0.0,Mostly Cloudy
4:30 PM,86,73,66,NE,13,0,29.81,0.0,Mostly Cloudy
5:00 PM,86,73,66,NE,13,0,29.81,0.0,Mostly Cloudy
5:30 PM,86,73,66,NE,13,0,29.81,0.0,Mostly Cloudy
6:00 PM,84,72,66,NE,13,0,29.81,0.0,Mostly Cloudy
6:30 PM,84,73,70,NE,14,0,29.81,0.0,Mostly Cloudy
7:00 PM,82,73,74,NE,12,0,29.84,0.0,Mostly Cloudy
7:30 PM,81,73,79,NNE,9,0,29.84,0.0,Mostly Cloudy
8:00 PM,81,73,79,NE,9,0,29.84,0.0,Mostly Cloudy
8:30 PM,81,75,84,NE,9,0,29.84,0.0,Mostly Cloudy
9:00 PM,81,75,84,NE,8,0,29.87,0.0,Mostly Cloudy
9:30 PM,81,75,84,NE,8,0,29.87,0.0,Mostly Cloudy
10:00 PM,79,73,83,NNE,6,0,29.90,0.0,Mostly Cloudy
10:30 PM,79,73,83,NNE,6,0,29.90,0.0,Mostly Cloudy
11:00 PM,79,73,83,NNE,6,0,29.90,0.0,Mostly Cloudy
11:30 PM,79,73,83,NNE,6,0,29.90,0.0,Mostly Cloudy
12:00 AM,79,73,83,NNE,3,0,29.93,0.0,Mostly Cloudy
12:30 AM,79,73,83,N,5,0,29.93,0.0,Mostly Cloudy
1:00 AM,79,73,83,N,5,0,29.93,0.0,Mostly Cloudy
1:30 AM,79,73,83,N,3,0,29.90,0.0,Mostly Cloudy
2:00 AM,77,73,89,VAR,3,0,29.90,0.0,Mostly Cloudy
2:30 AM,77,73,89,VAR,5,0,29.90,0.0,Mostly Cloudy
3:00 AM,77,73,89,N,5,0,29.90,0.0,Mostly Cloudy
3:30 AM,77,73,89,NNW,3,0,29.90,0.0,Mostly Cloudy
4:00 AM,77,73,89,N,3,0,29.87,0.0,Mostly Cloudy
4:30 AM,77,73,89,N,5,0,29.87,0.0,Mostly Cloudy
5:00 AM,77,73,89,N,5,0,29.87,0.0,Mostly Cloudy
5:30 AM,77,73,89,N,5,0,29.87,0.0,Mostly Cloudy
6:00 AM,77,73,89,VAR,5,0,29.87,0.0,Mostly Cloudy
6:30 AM,77,73,89,N,3,0,29.90,0.0,Mostly Cloudy
7:00 AM,77,73,89,NNE,5,0,29.90,0.0,Mostly Cloudy
7:30 AM,77,73,89,NNE,3,0,29.90,0.0,Mostly Cloudy
8:00 AM,79,73,83,NNE,5,0,29.90,0.0,Mostly Cloudy
8:30 AM,81,73,79,NNE,8,0,29.93,0.0,Mostly Cloudy
9:00 AM,81,75,84,NNE,6,0,29.93,0.0,Mostly Cloudy
9:30 AM,82,75,79,NE,8,0,29.93,0.0,Mostly Cloudy
10:00 AM,82,75,79,NE,8,0,29.93,0.0,Mostly Cloudy
10:30 AM,84,75,74,NE,10,0,29.93,0.0,Mostly Cloudy
11:00 AM,84,73,70,NE,12,0,29.93,0.0,Mostly Cloudy
11:30 AM,86,73,66,NNE,10,0,29.93,0.0,Mostly Cloudy
12:00 PM,86,72,62,NE,12,0,29.93,0.0,Mostly Cloudy
12:30 PM,86,73,66,NE,12,0,29.90,0.0,Mostly Cloudy
1:00 PM,88,73,62,NE,10,0,29.90,0.0,Mostly Cloudy
1:30 PM,88,73,62,NNE,10,0,29.90,0.0,Mostly Cloudy
2:00 PM,88,73,62,NNE,10,0,29.87,0.0,Mostly Cloudy
2:30 PM,88,73,62,NE,12,0,29.87,0.0,Mostly Cloudy
3:00 PM,88,72,58,NE,13,0,29.87,0.0,Mostly Cloudy
3:30 PM,88,73,62,NE,13,0,29.84,0.0,Mostly Cloudy
4:00 PM,88,72,58,NE,13,0,29.84,0.0,Mostly Cloudy
4:30 PM,86,72,62,NE,14,0,29.84,0.0,Mostly Cloudy
5:00 PM,86,73,66,NE,13,0,29.84,0.0,Mostly Cloudy
5:30 PM,86,73,66,NNE,12,0,29.84,0.0,Mostly Cloudy
6:00 PM,84,72,66,NE,12,0,29.84,0.0,Mostly Cloudy
6:30 PM,84,73,70,NE,13,0,29.84,0.0,Partly Cloudy
7:00 PM,82,73,74,VAR,7,0,29.84,0.0,Partly Cloudy
7:30 PM,82,73,74,NNE,10,0,29.84,0.0,Mostly Cloudy
8:00 PM,81,73,79,NE,10,0,29.87,0.0,Partly Cloudy
8:30 PM,81,73,79,NNE,8,0,29.87,0.0,Partly Cloudy
9:00 PM,81,75,84,NE,7,0,29.90,0.0,Partly Cloudy
9:30 PM,81,75,84,NE,6,0,29.90,0.0,Partly Cloudy
10:00 PM,81,75,84,NNE,5,0,29.90,0.0,Partly Cloudy
10:30 PM,81,75,84,N,3,0,29.93,0.0,Partly Cloudy
11:00 PM,79,75,89,N,3,0,29.93,0.0,Partly Cloudy
11:30 PM,79,75,89,N,3,0,29.93,0.0,Partly Cloudy
12:00 AM,79,75,89,N,3,0,29.93,0.0,Partly Cloudy
12:30 AM,79,75,89,N,5,0,29.93,0.0,Partly Cloudy
1:00 AM,79,75,89,N,5,0,29.93,0.0,Partly Cloudy
1:30 AM,79,75,89,N,3,0,29.90,0.0,Partly Cloudy
2:00 AM,79,75,89,NNE,5,0,29.90,0.0,Partly Cloudy
2:30 AM,79,75,89,N,5,0,29.90,0.0,Partly Cloudy
3:00 AM,79,75,89,N,3,0,29.87,0.0,Partly Cloudy
3:30 AM,79,75,89,NNE,6,0,29.87,0.0,Partly Cloudy
4:00 AM,79,75,89,NNE,3,0,29.87,0.0,Partly Cloudy
4:30 AM,79,75,89,NNE,5,0,29.87,0.0,Partly Cloudy
5:00 AM,77,75,94,NNW,3,0,29.87,0.0,Partly Cloudy
5:30 AM,77,75,94,N,3,0,29.87,0.0,Partly Cloudy
6:00 AM,77,75,94,N,3,0,29.87,0.0,Partly Cloudy
6:30 AM,77,75,94,N,5,0,29.90,0.0,Partly Cloudy
7:00 AM,77,75,94,N,3,0,29.90,0.0,Partly Cloudy
7:30 AM,79,75,89,NNE,6,0,29.90,0.0,Mostly Cloudy
8:00 AM,79,75,89,NE,5,0,29.90,0.0,Mostly Cloudy
8:30 AM,81,75,84,NE,7,0,29.90,0.0,Mostly Cloudy
9:00 AM,81,77,89,NE,7,0,29.93,0.0,Partly Cloudy
9:30 AM,82,77,84,NE,9,0,29.93,0.0,Partly Cloudy
10:00 AM,84,77,79,NNE,10,0,29.93,0.0,Partly Cloudy
10:30 AM,86,75,70,NE,13,0,29.93,0.0,Partly Cloudy
11:00 AM,86,75,70,NNE,9,0,29.93,0.0,Mostly Cloudy
11:30 AM,86,75,70,NE,12,0,29.93,0.0,Mostly Cloudy
12:00 PM,88,75,66,NE,9,0,29.93,0.0,Mostly Cloudy
12:30 PM,86,75,70,NE,12,0,29.93,0.0,Mostly Cloudy
1:00 PM,86,75,70,NNE,12,0,29.90,0.0,Mostly Cloudy
1:30 PM,88,75,66,NE,12,0,29.90,0.0,Mostly Cloudy
2:00 PM,88,75,66,NE,13,0,29.87,0.0,Partly Cloudy
2:30 PM,86,73,66,NNE,13,0,29.87,0.0,Mostly Cloudy
3:00 PM,88,73,62,NE,13,0,29.87,0.0,Mostly Cloudy
3:30 PM,88,75,66,NE,13,0,29.84,0.0,Mostly Cloudy
4:00 PM,88,73,62,NNE,12,0,29.84,0.0,Mostly Cloudy
4:30 PM,86,73,66,NE,15,0,29.84,0.0,Mostly Cloudy
5:00 PM,86,73,66,NE,14,0,29.81,0.0,Mostly Cloudy
5:30 PM,86,73,66,NE,15,0,29.81,0.0,Mostly Cloudy
6:00 PM,86,73,66,NE,15,0,29.81,0.0,Mostly Cloudy
6:30 PM,84,75,74,NE,9,0,29.81,0.0,Mostly Cloudy
7:00 PM,82,75,79,NE,10,0,29.84,0.0,Mostly Cloudy
7:30 PM,82,75,79,NNE,9,0,29.84,0.0,Mostly Cloudy
8:00 PM,81,75,84,NE,8,0,29.87,0.0,Mostly Cloudy
8:30 PM,81,75,84,NE,7,0,29.87,0.0,Mostly Cloudy
9:00 PM,81,75,84,NE,9,0,29.87,0.0,Mostly Cloudy
9:30 PM,81,75,84,NE,8,0,29.87,0.0,Mostly Cloudy
10:00 PM,81,75,84,NNE,7,0,29.90,0.0,Mostly Cloudy
10:30 PM,81,75,84,NNE,8,0,29.90,0.0,Mostly Cloudy
11:00 PM,81,75,84,NNE,8,0,29.93,0.0,Mostly Cloudy
11:30 PM,81,75,84,NNE,8,0,29.90,0.0,Mostly Cloudy